rank,run_name,hidden_dim,activation,lr,lr_decay,weight_decay,epochs,best_val_acc,checkpoint_path
1,hd512_relu_lr0p2_decay0p95_wd0p001,512,relu,0.2,0.95,0.001,50,0.9128333333333334,model/weights/hd512_relu_lr0p2_decay0p95_wd0p001_best.npz
2,hd768_relu_lr0p2_decay0p95_wd0p001,768,relu,0.2,0.95,0.001,50,0.9121666666666667,model/weights/hd768_relu_lr0p2_decay0p95_wd0p001_best.npz
3,hd512_relu_lr0p2_decay0p98_wd0p0,512,relu,0.2,0.98,0.0,50,0.9115,model/weights/hd512_relu_lr0p2_decay0p98_wd0p0_best.npz
4,hd768_relu_lr0p1_decay0p95_wd0p001,768,relu,0.1,0.95,0.001,50,0.9105,model/weights/hd768_relu_lr0p1_decay0p95_wd0p001_best.npz
5,hd256_relu_lr0p2_decay0p95_wd0p001,256,relu,0.2,0.95,0.001,50,0.9103333333333333,model/weights/hd256_relu_lr0p2_decay0p95_wd0p001_best.npz
6,hd512_relu_lr0p1_decay0p98_wd0p001,512,relu,0.1,0.98,0.001,50,0.9103333333333333,model/weights/hd512_relu_lr0p1_decay0p98_wd0p001_best.npz
7,hd768_relu_lr0p2_decay0p98_wd0p001,768,relu,0.2,0.98,0.001,50,0.9103333333333333,model/weights/hd768_relu_lr0p2_decay0p98_wd0p001_best.npz
8,hd768_relu_lr0p2_decay1p0_wd1e-05,768,relu,0.2,1.0,1e-05,50,0.91,model/weights/hd768_relu_lr0p2_decay1p0_wd1e-05_best.npz
9,hd512_relu_lr0p2_decay0p98_wd0p001,512,relu,0.2,0.98,0.001,50,0.9096666666666666,model/weights/hd512_relu_lr0p2_decay0p98_wd0p001_best.npz
10,hd256_tanh_lr0p2_decay0p95_wd0p001,256,tanh,0.2,0.95,0.001,50,0.9093333333333333,model/weights/hd256_tanh_lr0p2_decay0p95_wd0p001_best.npz
11,hd512_relu_lr0p2_decay1p0_wd0p0001,512,relu,0.2,1.0,0.0001,50,0.9093333333333333,model/weights/hd512_relu_lr0p2_decay1p0_wd0p0001_best.npz
12,hd512_relu_lr0p2_decay1p0_wd1e-05,512,relu,0.2,1.0,1e-05,50,0.9093333333333333,model/weights/hd512_relu_lr0p2_decay1p0_wd1e-05_best.npz
13,hd512_relu_lr0p2_decay0p98_wd1e-05,512,relu,0.2,0.98,1e-05,50,0.9091666666666667,model/weights/hd512_relu_lr0p2_decay0p98_wd1e-05_best.npz
14,hd768_relu_lr0p1_decay0p98_wd0p001,768,relu,0.1,0.98,0.001,50,0.9091666666666667,model/weights/hd768_relu_lr0p1_decay0p98_wd0p001_best.npz
15,hd768_relu_lr0p2_decay0p9_wd0p001,768,relu,0.2,0.9,0.001,50,0.9091666666666667,model/weights/hd768_relu_lr0p2_decay0p9_wd0p001_best.npz
16,hd512_relu_lr0p1_decay0p95_wd0p001,512,relu,0.1,0.95,0.001,50,0.909,model/weights/hd512_relu_lr0p1_decay0p95_wd0p001_best.npz
17,hd768_relu_lr0p2_decay1p0_wd0p0001,768,relu,0.2,1.0,0.0001,50,0.909,model/weights/hd768_relu_lr0p2_decay1p0_wd0p0001_best.npz
18,hd128_relu_lr0p2_decay0p95_wd0p001,128,relu,0.2,0.95,0.001,50,0.9088333333333334,model/weights/hd128_relu_lr0p2_decay0p95_wd0p001_best.npz
19,hd512_relu_lr0p2_decay0p95_wd1e-05,512,relu,0.2,0.95,1e-05,50,0.9086666666666666,model/weights/hd512_relu_lr0p2_decay0p95_wd1e-05_best.npz
20,hd512_relu_lr0p2_decay0p98_wd0p0001,512,relu,0.2,0.98,0.0001,50,0.9086666666666666,model/weights/hd512_relu_lr0p2_decay0p98_wd0p0001_best.npz
21,hd768_relu_lr0p2_decay0p98_wd0p0001,768,relu,0.2,0.98,0.0001,50,0.9086666666666666,model/weights/hd768_relu_lr0p2_decay0p98_wd0p0001_best.npz
22,hd256_relu_lr0p1_decay0p98_wd0p001,256,relu,0.1,0.98,0.001,50,0.9085,model/weights/hd256_relu_lr0p1_decay0p98_wd0p001_best.npz
23,hd512_relu_lr0p2_decay0p95_wd0p0001,512,relu,0.2,0.95,0.0001,50,0.9085,model/weights/hd512_relu_lr0p2_decay0p95_wd0p0001_best.npz
24,hd512_relu_lr0p2_decay0p9_wd0p001,512,relu,0.2,0.9,0.001,50,0.9085,model/weights/hd512_relu_lr0p2_decay0p9_wd0p001_best.npz
25,hd512_relu_lr0p2_decay1p0_wd0p0,512,relu,0.2,1.0,0.0,50,0.908,model/weights/hd512_relu_lr0p2_decay1p0_wd0p0_best.npz
26,hd256_relu_lr0p2_decay0p9_wd0p001,256,relu,0.2,0.9,0.001,50,0.9078333333333334,model/weights/hd256_relu_lr0p2_decay0p9_wd0p001_best.npz
27,hd512_relu_lr0p2_decay0p95_wd0p0,512,relu,0.2,0.95,0.0,50,0.9078333333333334,model/weights/hd512_relu_lr0p2_decay0p95_wd0p0_best.npz
28,hd512_relu_lr0p2_decay0p9_wd0p0001,512,relu,0.2,0.9,0.0001,50,0.9076666666666666,model/weights/hd512_relu_lr0p2_decay0p9_wd0p0001_best.npz
29,hd768_relu_lr0p2_decay0p95_wd0p0001,768,relu,0.2,0.95,0.0001,50,0.9076666666666666,model/weights/hd768_relu_lr0p2_decay0p95_wd0p0001_best.npz
30,hd768_relu_lr0p2_decay0p98_wd1e-05,768,relu,0.2,0.98,1e-05,50,0.9076666666666666,model/weights/hd768_relu_lr0p2_decay0p98_wd1e-05_best.npz
31,hd512_tanh_lr0p2_decay0p95_wd0p001,512,tanh,0.2,0.95,0.001,50,0.9075,model/weights/hd512_tanh_lr0p2_decay0p95_wd0p001_best.npz
32,hd768_relu_lr0p1_decay1p0_wd0p0,768,relu,0.1,1.0,0.0,50,0.9075,model/weights/hd768_relu_lr0p1_decay1p0_wd0p0_best.npz
33,hd768_relu_lr0p2_decay0p98_wd0p0,768,relu,0.2,0.98,0.0,50,0.9075,model/weights/hd768_relu_lr0p2_decay0p98_wd0p0_best.npz
34,hd512_relu_lr0p2_decay0p9_wd1e-05,512,relu,0.2,0.9,1e-05,50,0.9073333333333333,model/weights/hd512_relu_lr0p2_decay0p9_wd1e-05_best.npz
35,hd512_relu_lr0p05_decay0p98_wd0p001,512,relu,0.05,0.98,0.001,50,0.9071666666666667,model/weights/hd512_relu_lr0p05_decay0p98_wd0p001_best.npz
36,hd768_relu_lr0p05_decay1p0_wd0p001,768,relu,0.05,1.0,0.001,50,0.9071666666666667,model/weights/hd768_relu_lr0p05_decay1p0_wd0p001_best.npz
37,hd768_relu_lr0p1_decay0p98_wd0p0,768,relu,0.1,0.98,0.0,50,0.9071666666666667,model/weights/hd768_relu_lr0p1_decay0p98_wd0p0_best.npz
38,hd768_relu_lr0p1_decay0p98_wd1e-05,768,relu,0.1,0.98,1e-05,50,0.9071666666666667,model/weights/hd768_relu_lr0p1_decay0p98_wd1e-05_best.npz
39,hd256_relu_lr0p2_decay0p98_wd0p001,256,relu,0.2,0.98,0.001,50,0.907,model/weights/hd256_relu_lr0p2_decay0p98_wd0p001_best.npz
40,hd512_sigmoid_lr0p2_decay0p98_wd1e-05,512,sigmoid,0.2,0.98,1e-05,50,0.907,model/weights/hd512_sigmoid_lr0p2_decay0p98_wd1e-05_best.npz
41,hd768_relu_lr0p1_decay0p95_wd0p0001,768,relu,0.1,0.95,0.0001,50,0.907,model/weights/hd768_relu_lr0p1_decay0p95_wd0p0001_best.npz
42,hd768_relu_lr0p2_decay1p0_wd0p0,768,relu,0.2,1.0,0.0,50,0.907,model/weights/hd768_relu_lr0p2_decay1p0_wd0p0_best.npz
43,hd512_relu_lr0p1_decay0p95_wd0p0001,512,relu,0.1,0.95,0.0001,50,0.9068333333333334,model/weights/hd512_relu_lr0p1_decay0p95_wd0p0001_best.npz
44,hd512_relu_lr0p1_decay0p98_wd0p0001,512,relu,0.1,0.98,0.0001,50,0.9068333333333334,model/weights/hd512_relu_lr0p1_decay0p98_wd0p0001_best.npz
45,hd512_relu_lr0p1_decay1p0_wd0p001,512,relu,0.1,1.0,0.001,50,0.9068333333333334,model/weights/hd512_relu_lr0p1_decay1p0_wd0p001_best.npz
46,hd256_relu_lr0p1_decay0p95_wd0p001,256,relu,0.1,0.95,0.001,50,0.9066666666666666,model/weights/hd256_relu_lr0p1_decay0p95_wd0p001_best.npz
47,hd256_sigmoid_lr0p2_decay0p98_wd0p0,256,sigmoid,0.2,0.98,0.0,50,0.9066666666666666,model/weights/hd256_sigmoid_lr0p2_decay0p98_wd0p0_best.npz
48,hd256_sigmoid_lr0p2_decay0p98_wd1e-05,256,sigmoid,0.2,0.98,1e-05,50,0.9066666666666666,model/weights/hd256_sigmoid_lr0p2_decay0p98_wd1e-05_best.npz
49,hd256_tanh_lr0p1_decay0p98_wd0p001,256,tanh,0.1,0.98,0.001,50,0.9066666666666666,model/weights/hd256_tanh_lr0p1_decay0p98_wd0p001_best.npz
50,hd512_relu_lr0p2_decay0p9_wd0p0,512,relu,0.2,0.9,0.0,50,0.9066666666666666,model/weights/hd512_relu_lr0p2_decay0p9_wd0p0_best.npz
51,hd512_sigmoid_lr0p2_decay0p98_wd0p0,512,sigmoid,0.2,0.98,0.0,50,0.9066666666666666,model/weights/hd512_sigmoid_lr0p2_decay0p98_wd0p0_best.npz
52,hd768_relu_lr0p1_decay1p0_wd1e-05,768,relu,0.1,1.0,1e-05,50,0.9066666666666666,model/weights/hd768_relu_lr0p1_decay1p0_wd1e-05_best.npz
53,hd512_relu_lr0p05_decay1p0_wd0p0001,512,relu,0.05,1.0,0.0001,50,0.9065,model/weights/hd512_relu_lr0p05_decay1p0_wd0p0001_best.npz
54,hd768_relu_lr0p2_decay0p95_wd1e-05,768,relu,0.2,0.95,1e-05,50,0.9065,model/weights/hd768_relu_lr0p2_decay0p95_wd1e-05_best.npz
55,hd512_tanh_lr0p2_decay0p98_wd0p001,512,tanh,0.2,0.98,0.001,50,0.9063333333333333,model/weights/hd512_tanh_lr0p2_decay0p98_wd0p001_best.npz
56,hd256_sigmoid_lr0p2_decay1p0_wd0p0001,256,sigmoid,0.2,1.0,0.0001,50,0.9061666666666667,model/weights/hd256_sigmoid_lr0p2_decay1p0_wd0p0001_best.npz
57,hd256_tanh_lr0p2_decay0p9_wd0p001,256,tanh,0.2,0.9,0.001,50,0.9061666666666667,model/weights/hd256_tanh_lr0p2_decay0p9_wd0p001_best.npz
58,hd512_relu_lr0p1_decay0p95_wd0p0,512,relu,0.1,0.95,0.0,50,0.9061666666666667,model/weights/hd512_relu_lr0p1_decay0p95_wd0p0_best.npz
59,hd512_relu_lr0p1_decay0p95_wd1e-05,512,relu,0.1,0.95,1e-05,50,0.9061666666666667,model/weights/hd512_relu_lr0p1_decay0p95_wd1e-05_best.npz
60,hd512_relu_lr0p1_decay0p9_wd0p001,512,relu,0.1,0.9,0.001,50,0.9061666666666667,model/weights/hd512_relu_lr0p1_decay0p9_wd0p001_best.npz
61,hd512_relu_lr0p1_decay1p0_wd0p0001,512,relu,0.1,1.0,0.0001,50,0.9061666666666667,model/weights/hd512_relu_lr0p1_decay1p0_wd0p0001_best.npz
62,hd768_relu_lr0p05_decay0p98_wd0p001,768,relu,0.05,0.98,0.001,50,0.9061666666666667,model/weights/hd768_relu_lr0p05_decay0p98_wd0p001_best.npz
63,hd768_relu_lr0p1_decay1p0_wd0p0001,768,relu,0.1,1.0,0.0001,50,0.9061666666666667,model/weights/hd768_relu_lr0p1_decay1p0_wd0p0001_best.npz
64,hd768_relu_lr0p1_decay0p95_wd0p0,768,relu,0.1,0.95,0.0,50,0.906,model/weights/hd768_relu_lr0p1_decay0p95_wd0p0_best.npz
65,hd768_relu_lr0p1_decay0p95_wd1e-05,768,relu,0.1,0.95,1e-05,50,0.906,model/weights/hd768_relu_lr0p1_decay0p95_wd1e-05_best.npz
66,hd768_relu_lr0p1_decay0p98_wd0p0001,768,relu,0.1,0.98,0.0001,50,0.906,model/weights/hd768_relu_lr0p1_decay0p98_wd0p0001_best.npz
67,hd768_relu_lr0p1_decay1p0_wd0p001,768,relu,0.1,1.0,0.001,50,0.906,model/weights/hd768_relu_lr0p1_decay1p0_wd0p001_best.npz
68,hd768_relu_lr0p2_decay0p9_wd0p0001,768,relu,0.2,0.9,0.0001,50,0.906,model/weights/hd768_relu_lr0p2_decay0p9_wd0p0001_best.npz
69,hd512_relu_lr0p05_decay0p98_wd0p0001,512,relu,0.05,0.98,0.0001,50,0.9058333333333334,model/weights/hd512_relu_lr0p05_decay0p98_wd0p0001_best.npz
70,hd512_relu_lr0p1_decay0p98_wd1e-05,512,relu,0.1,0.98,1e-05,50,0.9058333333333334,model/weights/hd512_relu_lr0p1_decay0p98_wd1e-05_best.npz
71,hd512_sigmoid_lr0p2_decay0p98_wd0p0001,512,sigmoid,0.2,0.98,0.0001,50,0.9058333333333334,model/weights/hd512_sigmoid_lr0p2_decay0p98_wd0p0001_best.npz
72,hd256_relu_lr0p1_decay1p0_wd0p001,256,relu,0.1,1.0,0.001,50,0.9056666666666666,model/weights/hd256_relu_lr0p1_decay1p0_wd0p001_best.npz
73,hd256_sigmoid_lr0p2_decay0p98_wd0p0001,256,sigmoid,0.2,0.98,0.0001,50,0.9056666666666666,model/weights/hd256_sigmoid_lr0p2_decay0p98_wd0p0001_best.npz
74,hd256_tanh_lr0p2_decay0p98_wd0p001,256,tanh,0.2,0.98,0.001,50,0.9056666666666666,model/weights/hd256_tanh_lr0p2_decay0p98_wd0p001_best.npz
75,hd512_relu_lr0p05_decay0p98_wd1e-05,512,relu,0.05,0.98,1e-05,50,0.9056666666666666,model/weights/hd512_relu_lr0p05_decay0p98_wd1e-05_best.npz
76,hd512_relu_lr0p05_decay1p0_wd0p001,512,relu,0.05,1.0,0.001,50,0.9056666666666666,model/weights/hd512_relu_lr0p05_decay1p0_wd0p001_best.npz
77,hd512_relu_lr0p1_decay0p9_wd0p0001,512,relu,0.1,0.9,0.0001,50,0.9056666666666666,model/weights/hd512_relu_lr0p1_decay0p9_wd0p0001_best.npz
78,hd768_relu_lr0p1_decay0p9_wd0p001,768,relu,0.1,0.9,0.001,50,0.9056666666666666,model/weights/hd768_relu_lr0p1_decay0p9_wd0p001_best.npz
79,hd768_relu_lr0p2_decay0p95_wd0p0,768,relu,0.2,0.95,0.0,50,0.9056666666666666,model/weights/hd768_relu_lr0p2_decay0p95_wd0p0_best.npz
80,hd256_sigmoid_lr0p2_decay1p0_wd1e-05,256,sigmoid,0.2,1.0,1e-05,50,0.9055,model/weights/hd256_sigmoid_lr0p2_decay1p0_wd1e-05_best.npz
81,hd256_tanh_lr0p2_decay0p95_wd0p0,256,tanh,0.2,0.95,0.0,50,0.9055,model/weights/hd256_tanh_lr0p2_decay0p95_wd0p0_best.npz
82,hd512_relu_lr0p1_decay0p98_wd0p0,512,relu,0.1,0.98,0.0,50,0.9055,model/weights/hd512_relu_lr0p1_decay0p98_wd0p0_best.npz
83,hd512_relu_lr0p1_decay1p0_wd1e-05,512,relu,0.1,1.0,1e-05,50,0.9055,model/weights/hd512_relu_lr0p1_decay1p0_wd1e-05_best.npz
84,hd512_relu_lr0p2_decay1p0_wd0p001,512,relu,0.2,1.0,0.001,50,0.9055,model/weights/hd512_relu_lr0p2_decay1p0_wd0p001_best.npz
85,hd512_tanh_lr0p1_decay0p98_wd0p001,512,tanh,0.1,0.98,0.001,50,0.9055,model/weights/hd512_tanh_lr0p1_decay0p98_wd0p001_best.npz
86,hd128_relu_lr0p2_decay0p9_wd0p001,128,relu,0.2,0.9,0.001,50,0.9051666666666667,model/weights/hd128_relu_lr0p2_decay0p9_wd0p001_best.npz
87,hd256_relu_lr0p1_decay0p95_wd0p0001,256,relu,0.1,0.95,0.0001,50,0.9051666666666667,model/weights/hd256_relu_lr0p1_decay0p95_wd0p0001_best.npz
88,hd256_tanh_lr0p05_decay1p0_wd0p001,256,tanh,0.05,1.0,0.001,50,0.9051666666666667,model/weights/hd256_tanh_lr0p05_decay1p0_wd0p001_best.npz
89,hd256_tanh_lr0p2_decay0p95_wd0p0001,256,tanh,0.2,0.95,0.0001,50,0.9051666666666667,model/weights/hd256_tanh_lr0p2_decay0p95_wd0p0001_best.npz
90,hd256_tanh_lr0p2_decay0p95_wd1e-05,256,tanh,0.2,0.95,1e-05,50,0.9051666666666667,model/weights/hd256_tanh_lr0p2_decay0p95_wd1e-05_best.npz
91,hd256_tanh_lr0p2_decay0p9_wd0p0001,256,tanh,0.2,0.9,0.0001,50,0.9051666666666667,model/weights/hd256_tanh_lr0p2_decay0p9_wd0p0001_best.npz
92,hd512_relu_lr0p05_decay0p95_wd0p001,512,relu,0.05,0.95,0.001,50,0.9051666666666667,model/weights/hd512_relu_lr0p05_decay0p95_wd0p001_best.npz
93,hd768_relu_lr0p05_decay0p98_wd0p0001,768,relu,0.05,0.98,0.0001,50,0.9051666666666667,model/weights/hd768_relu_lr0p05_decay0p98_wd0p0001_best.npz
94,hd768_relu_lr0p2_decay0p9_wd1e-05,768,relu,0.2,0.9,1e-05,50,0.9051666666666667,model/weights/hd768_relu_lr0p2_decay0p9_wd1e-05_best.npz
95,hd768_tanh_lr0p2_decay0p95_wd0p0001,768,tanh,0.2,0.95,0.0001,50,0.9051666666666667,model/weights/hd768_tanh_lr0p2_decay0p95_wd0p0001_best.npz
96,hd256_relu_lr0p05_decay1p0_wd0p001,256,relu,0.05,1.0,0.001,50,0.905,model/weights/hd256_relu_lr0p05_decay1p0_wd0p001_best.npz
97,hd256_sigmoid_lr0p2_decay1p0_wd0p0,256,sigmoid,0.2,1.0,0.0,50,0.905,model/weights/hd256_sigmoid_lr0p2_decay1p0_wd0p0_best.npz
98,hd256_tanh_lr0p1_decay0p95_wd0p001,256,tanh,0.1,0.95,0.001,50,0.905,model/weights/hd256_tanh_lr0p1_decay0p95_wd0p001_best.npz
99,hd512_relu_lr0p05_decay0p98_wd0p0,512,relu,0.05,0.98,0.0,50,0.905,model/weights/hd512_relu_lr0p05_decay0p98_wd0p0_best.npz
100,hd512_relu_lr0p1_decay1p0_wd0p0,512,relu,0.1,1.0,0.0,50,0.905,model/weights/hd512_relu_lr0p1_decay1p0_wd0p0_best.npz
101,hd512_tanh_lr0p05_decay1p0_wd0p001,512,tanh,0.05,1.0,0.001,50,0.905,model/weights/hd512_tanh_lr0p05_decay1p0_wd0p001_best.npz
102,hd512_tanh_lr0p1_decay0p95_wd0p001,512,tanh,0.1,0.95,0.001,50,0.905,model/weights/hd512_tanh_lr0p1_decay0p95_wd0p001_best.npz
103,hd768_tanh_lr0p2_decay0p95_wd0p001,768,tanh,0.2,0.95,0.001,50,0.905,model/weights/hd768_tanh_lr0p2_decay0p95_wd0p001_best.npz
104,hd256_relu_lr0p05_decay0p98_wd0p001,256,relu,0.05,0.98,0.001,50,0.9048333333333334,model/weights/hd256_relu_lr0p05_decay0p98_wd0p001_best.npz
105,hd512_relu_lr0p05_decay0p95_wd0p0,512,relu,0.05,0.95,0.0,50,0.9048333333333334,model/weights/hd512_relu_lr0p05_decay0p95_wd0p0_best.npz
106,hd512_relu_lr0p1_decay0p9_wd0p0,512,relu,0.1,0.9,0.0,50,0.9048333333333334,model/weights/hd512_relu_lr0p1_decay0p9_wd0p0_best.npz
107,hd512_tanh_lr0p05_decay0p98_wd0p0001,512,tanh,0.05,0.98,0.0001,50,0.9048333333333334,model/weights/hd512_tanh_lr0p05_decay0p98_wd0p0001_best.npz
108,hd512_tanh_lr0p2_decay0p9_wd0p001,512,tanh,0.2,0.9,0.001,50,0.9048333333333334,model/weights/hd512_tanh_lr0p2_decay0p9_wd0p001_best.npz
109,hd256_tanh_lr0p1_decay1p0_wd0p001,256,tanh,0.1,1.0,0.001,50,0.9046666666666666,model/weights/hd256_tanh_lr0p1_decay1p0_wd0p001_best.npz
110,hd512_relu_lr0p05_decay1p0_wd0p0,512,relu,0.05,1.0,0.0,50,0.9046666666666666,model/weights/hd512_relu_lr0p05_decay1p0_wd0p0_best.npz
111,hd512_relu_lr0p1_decay0p9_wd1e-05,512,relu,0.1,0.9,1e-05,50,0.9046666666666666,model/weights/hd512_relu_lr0p1_decay0p9_wd1e-05_best.npz
112,hd768_relu_lr0p05_decay0p95_wd1e-05,768,relu,0.05,0.95,1e-05,50,0.9046666666666666,model/weights/hd768_relu_lr0p05_decay0p95_wd1e-05_best.npz
113,hd768_relu_lr0p05_decay0p98_wd1e-05,768,relu,0.05,0.98,1e-05,50,0.9046666666666666,model/weights/hd768_relu_lr0p05_decay0p98_wd1e-05_best.npz
114,hd768_relu_lr0p2_decay0p9_wd0p0,768,relu,0.2,0.9,0.0,50,0.9046666666666666,model/weights/hd768_relu_lr0p2_decay0p9_wd0p0_best.npz
115,hd256_relu_lr0p1_decay0p95_wd1e-05,256,relu,0.1,0.95,1e-05,50,0.9045,model/weights/hd256_relu_lr0p1_decay0p95_wd1e-05_best.npz
116,hd256_tanh_lr0p1_decay1p0_wd0p0001,256,tanh,0.1,1.0,0.0001,50,0.9045,model/weights/hd256_tanh_lr0p1_decay1p0_wd0p0001_best.npz
117,hd512_relu_lr0p05_decay0p95_wd1e-05,512,relu,0.05,0.95,1e-05,50,0.9045,model/weights/hd512_relu_lr0p05_decay0p95_wd1e-05_best.npz
118,hd768_relu_lr0p05_decay0p95_wd0p001,768,relu,0.05,0.95,0.001,50,0.9045,model/weights/hd768_relu_lr0p05_decay0p95_wd0p001_best.npz
119,hd768_relu_lr0p05_decay1p0_wd0p0001,768,relu,0.05,1.0,0.0001,50,0.9045,model/weights/hd768_relu_lr0p05_decay1p0_wd0p0001_best.npz
120,hd768_tanh_lr0p1_decay0p98_wd0p0,768,tanh,0.1,0.98,0.0,50,0.9045,model/weights/hd768_tanh_lr0p1_decay0p98_wd0p0_best.npz
121,hd768_tanh_lr0p1_decay0p98_wd1e-05,768,tanh,0.1,0.98,1e-05,50,0.9045,model/weights/hd768_tanh_lr0p1_decay0p98_wd1e-05_best.npz
122,hd128_relu_lr0p1_decay0p98_wd0p001,128,relu,0.1,0.98,0.001,50,0.9043333333333333,model/weights/hd128_relu_lr0p1_decay0p98_wd0p001_best.npz
123,hd256_relu_lr0p1_decay0p98_wd0p0001,256,relu,0.1,0.98,0.0001,50,0.9043333333333333,model/weights/hd256_relu_lr0p1_decay0p98_wd0p0001_best.npz
124,hd768_tanh_lr0p1_decay0p95_wd0p0001,768,tanh,0.1,0.95,0.0001,50,0.9043333333333333,model/weights/hd768_tanh_lr0p1_decay0p95_wd0p0001_best.npz
125,hd768_tanh_lr0p1_decay0p98_wd0p0001,768,tanh,0.1,0.98,0.0001,50,0.9043333333333333,model/weights/hd768_tanh_lr0p1_decay0p98_wd0p0001_best.npz
126,hd256_relu_lr0p1_decay0p98_wd0p0,256,relu,0.1,0.98,0.0,50,0.9041666666666667,model/weights/hd256_relu_lr0p1_decay0p98_wd0p0_best.npz
127,hd512_relu_lr0p05_decay0p95_wd0p0001,512,relu,0.05,0.95,0.0001,50,0.9041666666666667,model/weights/hd512_relu_lr0p05_decay0p95_wd0p0001_best.npz
128,hd768_relu_lr0p05_decay0p98_wd0p0,768,relu,0.05,0.98,0.0,50,0.9041666666666667,model/weights/hd768_relu_lr0p05_decay0p98_wd0p0_best.npz
129,hd768_tanh_lr0p2_decay0p95_wd1e-05,768,tanh,0.2,0.95,1e-05,50,0.9041666666666667,model/weights/hd768_tanh_lr0p2_decay0p95_wd1e-05_best.npz
130,hd256_relu_lr0p1_decay0p95_wd0p0,256,relu,0.1,0.95,0.0,50,0.904,model/weights/hd256_relu_lr0p1_decay0p95_wd0p0_best.npz
131,hd256_tanh_lr0p05_decay1p0_wd1e-05,256,tanh,0.05,1.0,1e-05,50,0.904,model/weights/hd256_tanh_lr0p05_decay1p0_wd1e-05_best.npz
132,hd256_tanh_lr0p2_decay0p9_wd0p0,256,tanh,0.2,0.9,0.0,50,0.904,model/weights/hd256_tanh_lr0p2_decay0p9_wd0p0_best.npz
133,hd256_tanh_lr0p2_decay0p9_wd1e-05,256,tanh,0.2,0.9,1e-05,50,0.904,model/weights/hd256_tanh_lr0p2_decay0p9_wd1e-05_best.npz
134,hd768_relu_lr0p2_decay1p0_wd0p001,768,relu,0.2,1.0,0.001,50,0.904,model/weights/hd768_relu_lr0p2_decay1p0_wd0p001_best.npz
135,hd768_tanh_lr0p05_decay0p98_wd0p0001,768,tanh,0.05,0.98,0.0001,50,0.904,model/weights/hd768_tanh_lr0p05_decay0p98_wd0p0001_best.npz
136,hd768_tanh_lr0p05_decay0p98_wd0p0,768,tanh,0.05,0.98,0.0,50,0.904,model/weights/hd768_tanh_lr0p05_decay0p98_wd0p0_best.npz
137,hd768_tanh_lr0p1_decay0p95_wd0p0,768,tanh,0.1,0.95,0.0,50,0.904,model/weights/hd768_tanh_lr0p1_decay0p95_wd0p0_best.npz
138,hd768_tanh_lr0p1_decay0p95_wd1e-05,768,tanh,0.1,0.95,1e-05,50,0.904,model/weights/hd768_tanh_lr0p1_decay0p95_wd1e-05_best.npz
139,hd768_tanh_lr0p1_decay1p0_wd0p0001,768,tanh,0.1,1.0,0.0001,50,0.904,model/weights/hd768_tanh_lr0p1_decay1p0_wd0p0001_best.npz
140,hd768_tanh_lr0p1_decay1p0_wd1e-05,768,tanh,0.1,1.0,1e-05,50,0.904,model/weights/hd768_tanh_lr0p1_decay1p0_wd1e-05_best.npz
141,hd768_tanh_lr0p2_decay0p95_wd0p0,768,tanh,0.2,0.95,0.0,50,0.904,model/weights/hd768_tanh_lr0p2_decay0p95_wd0p0_best.npz
142,hd768_tanh_lr0p2_decay0p98_wd0p001,768,tanh,0.2,0.98,0.001,50,0.904,model/weights/hd768_tanh_lr0p2_decay0p98_wd0p001_best.npz
143,hd256_tanh_lr0p05_decay0p98_wd0p001,256,tanh,0.05,0.98,0.001,50,0.9038333333333334,model/weights/hd256_tanh_lr0p05_decay0p98_wd0p001_best.npz
144,hd256_tanh_lr0p05_decay1p0_wd0p0,256,tanh,0.05,1.0,0.0,50,0.9038333333333334,model/weights/hd256_tanh_lr0p05_decay1p0_wd0p0_best.npz
145,hd512_relu_lr0p05_decay1p0_wd1e-05,512,relu,0.05,1.0,1e-05,50,0.9038333333333334,model/weights/hd512_relu_lr0p05_decay1p0_wd1e-05_best.npz
146,hd512_sigmoid_lr0p2_decay1p0_wd0p0001,512,sigmoid,0.2,1.0,0.0001,50,0.9038333333333334,model/weights/hd512_sigmoid_lr0p2_decay1p0_wd0p0001_best.npz
147,hd512_tanh_lr0p2_decay0p9_wd0p0001,512,tanh,0.2,0.9,0.0001,50,0.9038333333333334,model/weights/hd512_tanh_lr0p2_decay0p9_wd0p0001_best.npz
148,hd768_tanh_lr0p05_decay0p98_wd1e-05,768,tanh,0.05,0.98,1e-05,50,0.9038333333333334,model/weights/hd768_tanh_lr0p05_decay0p98_wd1e-05_best.npz
149,hd768_tanh_lr0p1_decay1p0_wd0p0,768,tanh,0.1,1.0,0.0,50,0.9038333333333334,model/weights/hd768_tanh_lr0p1_decay1p0_wd0p0_best.npz
150,hd256_relu_lr0p2_decay0p98_wd0p0001,256,relu,0.2,0.98,0.0001,50,0.9036666666666666,model/weights/hd256_relu_lr0p2_decay0p98_wd0p0001_best.npz
151,hd256_tanh_lr0p1_decay0p98_wd0p0001,256,tanh,0.1,0.98,0.0001,50,0.9036666666666666,model/weights/hd256_tanh_lr0p1_decay0p98_wd0p0001_best.npz
152,hd768_relu_lr0p05_decay0p95_wd0p0001,768,relu,0.05,0.95,0.0001,50,0.9036666666666666,model/weights/hd768_relu_lr0p05_decay0p95_wd0p0001_best.npz
153,hd768_tanh_lr0p05_decay1p0_wd1e-05,768,tanh,0.05,1.0,1e-05,50,0.9036666666666666,model/weights/hd768_tanh_lr0p05_decay1p0_wd1e-05_best.npz
154,hd256_relu_lr0p05_decay0p95_wd0p001,256,relu,0.05,0.95,0.001,50,0.9035,model/weights/hd256_relu_lr0p05_decay0p95_wd0p001_best.npz
155,hd256_relu_lr0p2_decay1p0_wd0p001,256,relu,0.2,1.0,0.001,50,0.9035,model/weights/hd256_relu_lr0p2_decay1p0_wd0p001_best.npz
156,hd256_tanh_lr0p1_decay0p95_wd1e-05,256,tanh,0.1,0.95,1e-05,50,0.9035,model/weights/hd256_tanh_lr0p1_decay0p95_wd1e-05_best.npz
157,hd256_tanh_lr0p2_decay0p98_wd0p0001,256,tanh,0.2,0.98,0.0001,50,0.9035,model/weights/hd256_tanh_lr0p2_decay0p98_wd0p0001_best.npz
158,hd512_tanh_lr0p05_decay0p98_wd0p001,512,tanh,0.05,0.98,0.001,50,0.9035,model/weights/hd512_tanh_lr0p05_decay0p98_wd0p001_best.npz
159,hd512_tanh_lr0p05_decay0p98_wd0p0,512,tanh,0.05,0.98,0.0,50,0.9035,model/weights/hd512_tanh_lr0p05_decay0p98_wd0p0_best.npz
160,hd512_tanh_lr0p2_decay0p98_wd0p0001,512,tanh,0.2,0.98,0.0001,50,0.9035,model/weights/hd512_tanh_lr0p2_decay0p98_wd0p0001_best.npz
161,hd768_tanh_lr0p05_decay1p0_wd0p0001,768,tanh,0.05,1.0,0.0001,50,0.9035,model/weights/hd768_tanh_lr0p05_decay1p0_wd0p0001_best.npz
162,hd768_tanh_lr0p2_decay0p98_wd0p0001,768,tanh,0.2,0.98,0.0001,50,0.9035,model/weights/hd768_tanh_lr0p2_decay0p98_wd0p0001_best.npz
163,hd256_tanh_lr0p1_decay0p98_wd0p0,256,tanh,0.1,0.98,0.0,50,0.9033333333333333,model/weights/hd256_tanh_lr0p1_decay0p98_wd0p0_best.npz
164,hd256_tanh_lr0p1_decay0p98_wd1e-05,256,tanh,0.1,0.98,1e-05,50,0.9033333333333333,model/weights/hd256_tanh_lr0p1_decay0p98_wd1e-05_best.npz
165,hd512_tanh_lr0p05_decay0p98_wd1e-05,512,tanh,0.05,0.98,1e-05,50,0.9033333333333333,model/weights/hd512_tanh_lr0p05_decay0p98_wd1e-05_best.npz
166,hd512_tanh_lr0p2_decay0p95_wd0p0001,512,tanh,0.2,0.95,0.0001,50,0.9033333333333333,model/weights/hd512_tanh_lr0p2_decay0p95_wd0p0001_best.npz
167,hd768_relu_lr0p1_decay0p9_wd0p0001,768,relu,0.1,0.9,0.0001,50,0.9033333333333333,model/weights/hd768_relu_lr0p1_decay0p9_wd0p0001_best.npz
168,hd768_relu_lr0p1_decay0p9_wd0p0,768,relu,0.1,0.9,0.0,50,0.9033333333333333,model/weights/hd768_relu_lr0p1_decay0p9_wd0p0_best.npz
169,hd768_tanh_lr0p05_decay1p0_wd0p0,768,tanh,0.05,1.0,0.0,50,0.9033333333333333,model/weights/hd768_tanh_lr0p05_decay1p0_wd0p0_best.npz
170,hd768_tanh_lr0p2_decay0p9_wd0p0,768,tanh,0.2,0.9,0.0,50,0.9033333333333333,model/weights/hd768_tanh_lr0p2_decay0p9_wd0p0_best.npz
171,hd128_relu_lr0p1_decay1p0_wd0p001,128,relu,0.1,1.0,0.001,50,0.9031666666666667,model/weights/hd128_relu_lr0p1_decay1p0_wd0p001_best.npz
172,hd128_relu_lr0p2_decay0p98_wd0p001,128,relu,0.2,0.98,0.001,50,0.9031666666666667,model/weights/hd128_relu_lr0p2_decay0p98_wd0p001_best.npz
173,hd256_relu_lr0p2_decay0p98_wd0p0,256,relu,0.2,0.98,0.0,50,0.9031666666666667,model/weights/hd256_relu_lr0p2_decay0p98_wd0p0_best.npz
174,hd256_relu_lr0p2_decay0p9_wd0p0001,256,relu,0.2,0.9,0.0001,50,0.9031666666666667,model/weights/hd256_relu_lr0p2_decay0p9_wd0p0001_best.npz
175,hd256_relu_lr0p2_decay1p0_wd0p0001,256,relu,0.2,1.0,0.0001,50,0.9031666666666667,model/weights/hd256_relu_lr0p2_decay1p0_wd0p0001_best.npz
176,hd256_tanh_lr0p05_decay1p0_wd0p0001,256,tanh,0.05,1.0,0.0001,50,0.9031666666666667,model/weights/hd256_tanh_lr0p05_decay1p0_wd0p0001_best.npz
177,hd256_tanh_lr0p1_decay0p95_wd0p0001,256,tanh,0.1,0.95,0.0001,50,0.9031666666666667,model/weights/hd256_tanh_lr0p1_decay0p95_wd0p0001_best.npz
178,hd256_tanh_lr0p1_decay0p95_wd0p0,256,tanh,0.1,0.95,0.0,50,0.9031666666666667,model/weights/hd256_tanh_lr0p1_decay0p95_wd0p0_best.npz
179,hd512_sigmoid_lr0p2_decay1p0_wd1e-05,512,sigmoid,0.2,1.0,1e-05,50,0.9031666666666667,model/weights/hd512_sigmoid_lr0p2_decay1p0_wd1e-05_best.npz
180,hd512_tanh_lr0p1_decay0p95_wd0p0001,512,tanh,0.1,0.95,0.0001,50,0.9031666666666667,model/weights/hd512_tanh_lr0p1_decay0p95_wd0p0001_best.npz
181,hd512_tanh_lr0p2_decay0p98_wd1e-05,512,tanh,0.2,0.98,1e-05,50,0.9031666666666667,model/weights/hd512_tanh_lr0p2_decay0p98_wd1e-05_best.npz
182,hd512_tanh_lr0p2_decay0p9_wd0p0,512,tanh,0.2,0.9,0.0,50,0.9031666666666667,model/weights/hd512_tanh_lr0p2_decay0p9_wd0p0_best.npz
183,hd512_tanh_lr0p2_decay0p9_wd1e-05,512,tanh,0.2,0.9,1e-05,50,0.9031666666666667,model/weights/hd512_tanh_lr0p2_decay0p9_wd1e-05_best.npz
184,hd512_tanh_lr0p2_decay1p0_wd0p0,512,tanh,0.2,1.0,0.0,50,0.9031666666666667,model/weights/hd512_tanh_lr0p2_decay1p0_wd0p0_best.npz
185,hd768_relu_lr0p05_decay0p95_wd0p0,768,relu,0.05,0.95,0.0,50,0.9031666666666667,model/weights/hd768_relu_lr0p05_decay0p95_wd0p0_best.npz
186,hd768_relu_lr0p05_decay1p0_wd0p0,768,relu,0.05,1.0,0.0,50,0.9031666666666667,model/weights/hd768_relu_lr0p05_decay1p0_wd0p0_best.npz
187,hd768_relu_lr0p05_decay1p0_wd1e-05,768,relu,0.05,1.0,1e-05,50,0.9031666666666667,model/weights/hd768_relu_lr0p05_decay1p0_wd1e-05_best.npz
188,hd768_sigmoid_lr0p2_decay1p0_wd0p0001,768,sigmoid,0.2,1.0,0.0001,50,0.9031666666666667,model/weights/hd768_sigmoid_lr0p2_decay1p0_wd0p0001_best.npz
189,hd768_sigmoid_lr0p2_decay1p0_wd1e-05,768,sigmoid,0.2,1.0,1e-05,50,0.9031666666666667,model/weights/hd768_sigmoid_lr0p2_decay1p0_wd1e-05_best.npz
190,hd768_tanh_lr0p1_decay0p98_wd0p001,768,tanh,0.1,0.98,0.001,50,0.9031666666666667,model/weights/hd768_tanh_lr0p1_decay0p98_wd0p001_best.npz
191,hd768_tanh_lr0p2_decay0p9_wd1e-05,768,tanh,0.2,0.9,1e-05,50,0.9031666666666667,model/weights/hd768_tanh_lr0p2_decay0p9_wd1e-05_best.npz
192,hd256_relu_lr0p2_decay0p9_wd1e-05,256,relu,0.2,0.9,1e-05,50,0.903,model/weights/hd256_relu_lr0p2_decay0p9_wd1e-05_best.npz
193,hd256_tanh_lr0p05_decay0p98_wd0p0001,256,tanh,0.05,0.98,0.0001,50,0.903,model/weights/hd256_tanh_lr0p05_decay0p98_wd0p0001_best.npz
194,hd256_tanh_lr0p05_decay0p98_wd0p0,256,tanh,0.05,0.98,0.0,50,0.903,model/weights/hd256_tanh_lr0p05_decay0p98_wd0p0_best.npz
195,hd256_tanh_lr0p1_decay1p0_wd1e-05,256,tanh,0.1,1.0,1e-05,50,0.903,model/weights/hd256_tanh_lr0p1_decay1p0_wd1e-05_best.npz
196,hd512_tanh_lr0p05_decay1p0_wd0p0001,512,tanh,0.05,1.0,0.0001,50,0.903,model/weights/hd512_tanh_lr0p05_decay1p0_wd0p0001_best.npz
197,hd512_tanh_lr0p2_decay0p98_wd0p0,512,tanh,0.2,0.98,0.0,50,0.903,model/weights/hd512_tanh_lr0p2_decay0p98_wd0p0_best.npz
198,hd512_tanh_lr0p2_decay1p0_wd0p001,512,tanh,0.2,1.0,0.001,50,0.903,model/weights/hd512_tanh_lr0p2_decay1p0_wd0p001_best.npz
199,hd768_tanh_lr0p2_decay0p9_wd0p0001,768,tanh,0.2,0.9,0.0001,50,0.903,model/weights/hd768_tanh_lr0p2_decay0p9_wd0p0001_best.npz
200,hd256_relu_lr0p05_decay0p98_wd1e-05,256,relu,0.05,0.98,1e-05,50,0.9028333333333334,model/weights/hd256_relu_lr0p05_decay0p98_wd1e-05_best.npz
201,hd256_tanh_lr0p05_decay0p98_wd1e-05,256,tanh,0.05,0.98,1e-05,50,0.9028333333333334,model/weights/hd256_tanh_lr0p05_decay0p98_wd1e-05_best.npz
202,hd512_tanh_lr0p1_decay0p95_wd0p0,512,tanh,0.1,0.95,0.0,50,0.9028333333333334,model/weights/hd512_tanh_lr0p1_decay0p95_wd0p0_best.npz
203,hd512_tanh_lr0p1_decay0p95_wd1e-05,512,tanh,0.1,0.95,1e-05,50,0.9028333333333334,model/weights/hd512_tanh_lr0p1_decay0p95_wd1e-05_best.npz
204,hd256_sigmoid_lr0p1_decay1p0_wd0p0,256,sigmoid,0.1,1.0,0.0,50,0.9026666666666666,model/weights/hd256_sigmoid_lr0p1_decay1p0_wd0p0_best.npz
205,hd256_tanh_lr0p1_decay1p0_wd0p0,256,tanh,0.1,1.0,0.0,50,0.9026666666666666,model/weights/hd256_tanh_lr0p1_decay1p0_wd0p0_best.npz
206,hd256_tanh_lr0p2_decay1p0_wd0p0001,256,tanh,0.2,1.0,0.0001,50,0.9026666666666666,model/weights/hd256_tanh_lr0p2_decay1p0_wd0p0001_best.npz
207,hd512_sigmoid_lr0p2_decay1p0_wd0p0,512,sigmoid,0.2,1.0,0.0,50,0.9026666666666666,model/weights/hd512_sigmoid_lr0p2_decay1p0_wd0p0_best.npz
208,hd768_sigmoid_lr0p2_decay1p0_wd0p0,768,sigmoid,0.2,1.0,0.0,50,0.9026666666666666,model/weights/hd768_sigmoid_lr0p2_decay1p0_wd0p0_best.npz
209,hd768_tanh_lr0p05_decay0p98_wd0p001,768,tanh,0.05,0.98,0.001,50,0.9026666666666666,model/weights/hd768_tanh_lr0p05_decay0p98_wd0p001_best.npz
210,hd768_tanh_lr0p2_decay1p0_wd1e-05,768,tanh,0.2,1.0,1e-05,50,0.9026666666666666,model/weights/hd768_tanh_lr0p2_decay1p0_wd1e-05_best.npz
211,hd128_relu_lr0p2_decay0p9_wd0p0001,128,relu,0.2,0.9,0.0001,50,0.9025,model/weights/hd128_relu_lr0p2_decay0p9_wd0p0001_best.npz
212,hd128_tanh_lr0p2_decay0p98_wd0p001,128,tanh,0.2,0.98,0.001,50,0.9025,model/weights/hd128_tanh_lr0p2_decay0p98_wd0p001_best.npz
213,hd256_relu_lr0p1_decay1p0_wd0p0,256,relu,0.1,1.0,0.0,50,0.9025,model/weights/hd256_relu_lr0p1_decay1p0_wd0p0_best.npz
214,hd256_relu_lr0p2_decay0p9_wd0p0,256,relu,0.2,0.9,0.0,50,0.9025,model/weights/hd256_relu_lr0p2_decay0p9_wd0p0_best.npz
215,hd512_tanh_lr0p2_decay1p0_wd1e-05,512,tanh,0.2,1.0,1e-05,50,0.9025,model/weights/hd512_tanh_lr0p2_decay1p0_wd1e-05_best.npz
216,hd768_relu_lr0p1_decay0p9_wd1e-05,768,relu,0.1,0.9,1e-05,50,0.9025,model/weights/hd768_relu_lr0p1_decay0p9_wd1e-05_best.npz
217,hd128_relu_lr0p2_decay0p95_wd1e-05,128,relu,0.2,0.95,1e-05,50,0.9023333333333333,model/weights/hd128_relu_lr0p2_decay0p95_wd1e-05_best.npz
218,hd256_relu_lr0p05_decay0p98_wd0p0001,256,relu,0.05,0.98,0.0001,50,0.9023333333333333,model/weights/hd256_relu_lr0p05_decay0p98_wd0p0001_best.npz
219,hd256_relu_lr0p1_decay0p98_wd1e-05,256,relu,0.1,0.98,1e-05,50,0.9023333333333333,model/weights/hd256_relu_lr0p1_decay0p98_wd1e-05_best.npz
220,hd256_relu_lr0p2_decay1p0_wd1e-05,256,relu,0.2,1.0,1e-05,50,0.9023333333333333,model/weights/hd256_relu_lr0p2_decay1p0_wd1e-05_best.npz
221,hd256_tanh_lr0p1_decay0p9_wd0p0001,256,tanh,0.1,0.9,0.0001,50,0.9023333333333333,model/weights/hd256_tanh_lr0p1_decay0p9_wd0p0001_best.npz
222,hd512_tanh_lr0p1_decay0p98_wd0p0001,512,tanh,0.1,0.98,0.0001,50,0.9023333333333333,model/weights/hd512_tanh_lr0p1_decay0p98_wd0p0001_best.npz
223,hd768_tanh_lr0p1_decay0p95_wd0p001,768,tanh,0.1,0.95,0.001,50,0.9023333333333333,model/weights/hd768_tanh_lr0p1_decay0p95_wd0p001_best.npz
224,hd768_tanh_lr0p2_decay1p0_wd0p0,768,tanh,0.2,1.0,0.0,50,0.9023333333333333,model/weights/hd768_tanh_lr0p2_decay1p0_wd0p0_best.npz
225,hd128_relu_lr0p2_decay0p95_wd0p0,128,relu,0.2,0.95,0.0,50,0.9021666666666667,model/weights/hd128_relu_lr0p2_decay0p95_wd0p0_best.npz
226,hd256_relu_lr0p05_decay0p98_wd0p0,256,relu,0.05,0.98,0.0,50,0.9021666666666667,model/weights/hd256_relu_lr0p05_decay0p98_wd0p0_best.npz
227,hd256_relu_lr0p1_decay0p9_wd0p001,256,relu,0.1,0.9,0.001,50,0.9021666666666667,model/weights/hd256_relu_lr0p1_decay0p9_wd0p001_best.npz
228,hd256_relu_lr0p2_decay0p95_wd0p0001,256,relu,0.2,0.95,0.0001,50,0.9021666666666667,model/weights/hd256_relu_lr0p2_decay0p95_wd0p0001_best.npz
229,hd256_sigmoid_lr0p1_decay1p0_wd0p0001,256,sigmoid,0.1,1.0,0.0001,50,0.9021666666666667,model/weights/hd256_sigmoid_lr0p1_decay1p0_wd0p0001_best.npz
230,hd256_sigmoid_lr0p1_decay1p0_wd1e-05,256,sigmoid,0.1,1.0,1e-05,50,0.9021666666666667,model/weights/hd256_sigmoid_lr0p1_decay1p0_wd1e-05_best.npz
231,hd256_tanh_lr0p2_decay0p98_wd1e-05,256,tanh,0.2,0.98,1e-05,50,0.9021666666666667,model/weights/hd256_tanh_lr0p2_decay0p98_wd1e-05_best.npz
232,hd512_tanh_lr0p1_decay0p98_wd1e-05,512,tanh,0.1,0.98,1e-05,50,0.9021666666666667,model/weights/hd512_tanh_lr0p1_decay0p98_wd1e-05_best.npz
233,hd512_tanh_lr0p2_decay0p95_wd1e-05,512,tanh,0.2,0.95,1e-05,50,0.9021666666666667,model/weights/hd512_tanh_lr0p2_decay0p95_wd1e-05_best.npz
234,hd768_tanh_lr0p2_decay0p9_wd0p001,768,tanh,0.2,0.9,0.001,50,0.9021666666666667,model/weights/hd768_tanh_lr0p2_decay0p9_wd0p001_best.npz
235,hd768_tanh_lr0p2_decay1p0_wd0p0001,768,tanh,0.2,1.0,0.0001,50,0.9021666666666667,model/weights/hd768_tanh_lr0p2_decay1p0_wd0p0001_best.npz
236,hd256_relu_lr0p1_decay1p0_wd0p0001,256,relu,0.1,1.0,0.0001,50,0.902,model/weights/hd256_relu_lr0p1_decay1p0_wd0p0001_best.npz
237,hd256_relu_lr0p1_decay1p0_wd1e-05,256,relu,0.1,1.0,1e-05,50,0.902,model/weights/hd256_relu_lr0p1_decay1p0_wd1e-05_best.npz
238,hd256_relu_lr0p2_decay0p95_wd1e-05,256,relu,0.2,0.95,1e-05,50,0.902,model/weights/hd256_relu_lr0p2_decay0p95_wd1e-05_best.npz
239,hd256_tanh_lr0p1_decay0p9_wd0p0,256,tanh,0.1,0.9,0.0,50,0.902,model/weights/hd256_tanh_lr0p1_decay0p9_wd0p0_best.npz
240,hd256_tanh_lr0p2_decay1p0_wd0p001,256,tanh,0.2,1.0,0.001,50,0.902,model/weights/hd256_tanh_lr0p2_decay1p0_wd0p001_best.npz
241,hd256_tanh_lr0p2_decay1p0_wd0p0,256,tanh,0.2,1.0,0.0,50,0.902,model/weights/hd256_tanh_lr0p2_decay1p0_wd0p0_best.npz
242,hd512_tanh_lr0p05_decay1p0_wd0p0,512,tanh,0.05,1.0,0.0,50,0.902,model/weights/hd512_tanh_lr0p05_decay1p0_wd0p0_best.npz
243,hd512_tanh_lr0p1_decay1p0_wd0p001,512,tanh,0.1,1.0,0.001,50,0.902,model/weights/hd512_tanh_lr0p1_decay1p0_wd0p001_best.npz
244,hd768_tanh_lr0p2_decay0p98_wd1e-05,768,tanh,0.2,0.98,1e-05,50,0.902,model/weights/hd768_tanh_lr0p2_decay0p98_wd1e-05_best.npz
245,hd128_relu_lr0p05_decay1p0_wd0p001,128,relu,0.05,1.0,0.001,50,0.9018333333333334,model/weights/hd128_relu_lr0p05_decay1p0_wd0p001_best.npz
246,hd128_relu_lr0p1_decay0p95_wd0p001,128,relu,0.1,0.95,0.001,50,0.9018333333333334,model/weights/hd128_relu_lr0p1_decay0p95_wd0p001_best.npz
247,hd128_relu_lr0p2_decay0p9_wd1e-05,128,relu,0.2,0.9,1e-05,50,0.9018333333333334,model/weights/hd128_relu_lr0p2_decay0p9_wd1e-05_best.npz
248,hd256_relu_lr0p1_decay0p9_wd0p0,256,relu,0.1,0.9,0.0,50,0.9018333333333334,model/weights/hd256_relu_lr0p1_decay0p9_wd0p0_best.npz
249,hd256_tanh_lr0p1_decay0p9_wd1e-05,256,tanh,0.1,0.9,1e-05,50,0.9018333333333334,model/weights/hd256_tanh_lr0p1_decay0p9_wd1e-05_best.npz
250,hd512_tanh_lr0p05_decay1p0_wd1e-05,512,tanh,0.05,1.0,1e-05,50,0.9018333333333334,model/weights/hd512_tanh_lr0p05_decay1p0_wd1e-05_best.npz
251,hd512_tanh_lr0p2_decay1p0_wd0p0001,512,tanh,0.2,1.0,0.0001,50,0.9018333333333334,model/weights/hd512_tanh_lr0p2_decay1p0_wd0p0001_best.npz
252,hd128_relu_lr0p1_decay0p95_wd0p0001,128,relu,0.1,0.95,0.0001,50,0.9016666666666666,model/weights/hd128_relu_lr0p1_decay0p95_wd0p0001_best.npz
253,hd128_tanh_lr0p2_decay0p95_wd0p001,128,tanh,0.2,0.95,0.001,50,0.9016666666666666,model/weights/hd128_tanh_lr0p2_decay0p95_wd0p001_best.npz
254,hd256_relu_lr0p2_decay0p98_wd1e-05,256,relu,0.2,0.98,1e-05,50,0.9016666666666666,model/weights/hd256_relu_lr0p2_decay0p98_wd1e-05_best.npz
255,hd256_tanh_lr0p2_decay0p98_wd0p0,256,tanh,0.2,0.98,0.0,50,0.9016666666666666,model/weights/hd256_tanh_lr0p2_decay0p98_wd0p0_best.npz
256,hd256_tanh_lr0p2_decay1p0_wd1e-05,256,tanh,0.2,1.0,1e-05,50,0.9016666666666666,model/weights/hd256_tanh_lr0p2_decay1p0_wd1e-05_best.npz
257,hd512_tanh_lr0p1_decay0p98_wd0p0,512,tanh,0.1,0.98,0.0,50,0.9016666666666666,model/weights/hd512_tanh_lr0p1_decay0p98_wd0p0_best.npz
258,hd512_tanh_lr0p1_decay1p0_wd0p0001,512,tanh,0.1,1.0,0.0001,50,0.9016666666666666,model/weights/hd512_tanh_lr0p1_decay1p0_wd0p0001_best.npz
259,hd768_tanh_lr0p2_decay0p98_wd0p0,768,tanh,0.2,0.98,0.0,50,0.9016666666666666,model/weights/hd768_tanh_lr0p2_decay0p98_wd0p0_best.npz
260,hd256_relu_lr0p05_decay1p0_wd1e-05,256,relu,0.05,1.0,1e-05,50,0.9013333333333333,model/weights/hd256_relu_lr0p05_decay1p0_wd1e-05_best.npz
261,hd512_sigmoid_lr0p1_decay1p0_wd1e-05,512,sigmoid,0.1,1.0,1e-05,50,0.9013333333333333,model/weights/hd512_sigmoid_lr0p1_decay1p0_wd1e-05_best.npz
262,hd512_tanh_lr0p2_decay0p95_wd0p0,512,tanh,0.2,0.95,0.0,50,0.9013333333333333,model/weights/hd512_tanh_lr0p2_decay0p95_wd0p0_best.npz
263,hd256_relu_lr0p05_decay0p95_wd0p0,256,relu,0.05,0.95,0.0,50,0.9011666666666667,model/weights/hd256_relu_lr0p05_decay0p95_wd0p0_best.npz
264,hd256_relu_lr0p05_decay1p0_wd0p0001,256,relu,0.05,1.0,0.0001,50,0.9011666666666667,model/weights/hd256_relu_lr0p05_decay1p0_wd0p0001_best.npz
265,hd256_relu_lr0p05_decay1p0_wd0p0,256,relu,0.05,1.0,0.0,50,0.9011666666666667,model/weights/hd256_relu_lr0p05_decay1p0_wd0p0_best.npz
266,hd256_relu_lr0p1_decay0p9_wd1e-05,256,relu,0.1,0.9,1e-05,50,0.9011666666666667,model/weights/hd256_relu_lr0p1_decay0p9_wd1e-05_best.npz
267,hd256_relu_lr0p2_decay0p95_wd0p0,256,relu,0.2,0.95,0.0,50,0.9011666666666667,model/weights/hd256_relu_lr0p2_decay0p95_wd0p0_best.npz
268,hd512_tanh_lr0p05_decay0p95_wd0p0001,512,tanh,0.05,0.95,0.0001,50,0.9011666666666667,model/weights/hd512_tanh_lr0p05_decay0p95_wd0p0001_best.npz
269,hd768_tanh_lr0p05_decay1p0_wd0p001,768,tanh,0.05,1.0,0.001,50,0.9011666666666667,model/weights/hd768_tanh_lr0p05_decay1p0_wd0p001_best.npz
270,hd128_relu_lr0p05_decay0p98_wd0p001,128,relu,0.05,0.98,0.001,50,0.901,model/weights/hd128_relu_lr0p05_decay0p98_wd0p001_best.npz
271,hd256_relu_lr0p05_decay0p95_wd0p0001,256,relu,0.05,0.95,0.0001,50,0.901,model/weights/hd256_relu_lr0p05_decay0p95_wd0p0001_best.npz
272,hd256_relu_lr0p2_decay1p0_wd0p0,256,relu,0.2,1.0,0.0,50,0.901,model/weights/hd256_relu_lr0p2_decay1p0_wd0p0_best.npz
273,hd512_sigmoid_lr0p1_decay1p0_wd0p0,512,sigmoid,0.1,1.0,0.0,50,0.901,model/weights/hd512_sigmoid_lr0p1_decay1p0_wd0p0_best.npz
274,hd128_tanh_lr0p1_decay0p98_wd0p001,128,tanh,0.1,0.98,0.001,50,0.9008333333333334,model/weights/hd128_tanh_lr0p1_decay0p98_wd0p001_best.npz
275,hd512_sigmoid_lr0p1_decay1p0_wd0p0001,512,sigmoid,0.1,1.0,0.0001,50,0.9008333333333334,model/weights/hd512_sigmoid_lr0p1_decay1p0_wd0p0001_best.npz
276,hd768_sigmoid_lr0p2_decay0p98_wd0p0,768,sigmoid,0.2,0.98,0.0,50,0.9008333333333334,model/weights/hd768_sigmoid_lr0p2_decay0p98_wd0p0_best.npz
277,hd768_tanh_lr0p1_decay1p0_wd0p001,768,tanh,0.1,1.0,0.001,50,0.9008333333333334,model/weights/hd768_tanh_lr0p1_decay1p0_wd0p001_best.npz
278,hd512_relu,512,relu,0.1,0.95,0.0001,15,0.9006666666666666,model/weights/hd512_relu_best.npz
279,hd512_tanh_lr0p05_decay0p95_wd0p001,512,tanh,0.05,0.95,0.001,50,0.9006666666666666,model/weights/hd512_tanh_lr0p05_decay0p95_wd0p001_best.npz
280,hd256_relu_lr0p1_decay0p9_wd0p0001,256,relu,0.1,0.9,0.0001,50,0.9005,model/weights/hd256_relu_lr0p1_decay0p9_wd0p0001_best.npz
281,hd256_tanh_lr0p05_decay0p95_wd0p0,256,tanh,0.05,0.95,0.0,50,0.9005,model/weights/hd256_tanh_lr0p05_decay0p95_wd0p0_best.npz
282,hd512_tanh_lr0p05_decay0p95_wd0p0,512,tanh,0.05,0.95,0.0,50,0.9005,model/weights/hd512_tanh_lr0p05_decay0p95_wd0p0_best.npz
283,hd512_tanh_lr0p05_decay0p95_wd1e-05,512,tanh,0.05,0.95,1e-05,50,0.9005,model/weights/hd512_tanh_lr0p05_decay0p95_wd1e-05_best.npz
284,hd512_tanh_lr0p1_decay0p9_wd0p001,512,tanh,0.1,0.9,0.001,50,0.9005,model/weights/hd512_tanh_lr0p1_decay0p9_wd0p001_best.npz
285,hd768_tanh_lr0p1_decay0p9_wd0p0,768,tanh,0.1,0.9,0.0,50,0.9005,model/weights/hd768_tanh_lr0p1_decay0p9_wd0p0_best.npz
286,hd768_tanh_lr0p1_decay0p9_wd1e-05,768,tanh,0.1,0.9,1e-05,50,0.9005,model/weights/hd768_tanh_lr0p1_decay0p9_wd1e-05_best.npz
287,hd128_relu_lr0p1_decay0p98_wd0p0001,128,relu,0.1,0.98,0.0001,50,0.9003333333333333,model/weights/hd128_relu_lr0p1_decay0p98_wd0p0001_best.npz
288,hd256_relu_lr0p05_decay0p95_wd1e-05,256,relu,0.05,0.95,1e-05,50,0.9003333333333333,model/weights/hd256_relu_lr0p05_decay0p95_wd1e-05_best.npz
289,hd256_tanh_lr0p05_decay0p95_wd1e-05,256,tanh,0.05,0.95,1e-05,50,0.9003333333333333,model/weights/hd256_tanh_lr0p05_decay0p95_wd1e-05_best.npz
290,hd768_tanh_lr0p2_decay1p0_wd0p001,768,tanh,0.2,1.0,0.001,50,0.9003333333333333,model/weights/hd768_tanh_lr0p2_decay1p0_wd0p001_best.npz
291,hd128_tanh_lr0p1_decay0p95_wd0p001,128,tanh,0.1,0.95,0.001,50,0.9001666666666667,model/weights/hd128_tanh_lr0p1_decay0p95_wd0p001_best.npz
292,hd128_tanh_lr0p1_decay1p0_wd0p001,128,tanh,0.1,1.0,0.001,50,0.9001666666666667,model/weights/hd128_tanh_lr0p1_decay1p0_wd0p001_best.npz
293,hd256_tanh_lr0p05_decay0p95_wd0p0001,256,tanh,0.05,0.95,0.0001,50,0.9001666666666667,model/weights/hd256_tanh_lr0p05_decay0p95_wd0p0001_best.npz
294,hd512_tanh_lr0p1_decay1p0_wd0p0,512,tanh,0.1,1.0,0.0,50,0.9001666666666667,model/weights/hd512_tanh_lr0p1_decay1p0_wd0p0_best.npz
295,hd512_tanh_lr0p1_decay1p0_wd1e-05,512,tanh,0.1,1.0,1e-05,50,0.9001666666666667,model/weights/hd512_tanh_lr0p1_decay1p0_wd1e-05_best.npz
296,hd768_tanh_lr0p1_decay0p9_wd0p0001,768,tanh,0.1,0.9,0.0001,50,0.9001666666666667,model/weights/hd768_tanh_lr0p1_decay0p9_wd0p0001_best.npz
297,hd128_relu_lr0p1_decay0p95_wd0p0,128,relu,0.1,0.95,0.0,50,0.9,model/weights/hd128_relu_lr0p1_decay0p95_wd0p0_best.npz
298,hd256_sigmoid_lr0p2_decay0p95_wd0p0,256,sigmoid,0.2,0.95,0.0,50,0.9,model/weights/hd256_sigmoid_lr0p2_decay0p95_wd0p0_best.npz
299,hd512_tanh_lr0p1_decay0p9_wd0p0001,512,tanh,0.1,0.9,0.0001,50,0.9,model/weights/hd512_tanh_lr0p1_decay0p9_wd0p0001_best.npz
300,hd512_tanh_lr0p1_decay0p9_wd0p0,512,tanh,0.1,0.9,0.0,50,0.9,model/weights/hd512_tanh_lr0p1_decay0p9_wd0p0_best.npz
301,hd512_tanh_lr0p1_decay0p9_wd1e-05,512,tanh,0.1,0.9,1e-05,50,0.9,model/weights/hd512_tanh_lr0p1_decay0p9_wd1e-05_best.npz
302,hd128_relu_lr0p2_decay0p9_wd0p0,128,relu,0.2,0.9,0.0,50,0.8998333333333334,model/weights/hd128_relu_lr0p2_decay0p9_wd0p0_best.npz
303,hd128_relu_lr0p2_decay1p0_wd0p001,128,relu,0.2,1.0,0.001,50,0.8996666666666666,model/weights/hd128_relu_lr0p2_decay1p0_wd0p001_best.npz
304,hd128_tanh_lr0p05_decay1p0_wd0p001,128,tanh,0.05,1.0,0.001,50,0.8996666666666666,model/weights/hd128_tanh_lr0p05_decay1p0_wd0p001_best.npz
305,hd128_tanh_lr0p2_decay0p9_wd0p001,128,tanh,0.2,0.9,0.001,50,0.8996666666666666,model/weights/hd128_tanh_lr0p2_decay0p9_wd0p001_best.npz
306,hd128_tanh_lr0p2_decay1p0_wd0p001,128,tanh,0.2,1.0,0.001,50,0.8996666666666666,model/weights/hd128_tanh_lr0p2_decay1p0_wd0p001_best.npz
307,hd256_tanh_lr0p1_decay0p9_wd0p001,256,tanh,0.1,0.9,0.001,50,0.8996666666666666,model/weights/hd256_tanh_lr0p1_decay0p9_wd0p001_best.npz
308,hd512_sigmoid_lr0p2_decay0p95_wd0p0,512,sigmoid,0.2,0.95,0.0,50,0.8996666666666666,model/weights/hd512_sigmoid_lr0p2_decay0p95_wd0p0_best.npz
309,hd128_relu_lr0p2_decay0p95_wd0p0001,128,relu,0.2,0.95,0.0001,50,0.8995,model/weights/hd128_relu_lr0p2_decay0p95_wd0p0001_best.npz
310,hd128_relu_lr0p2_decay0p98_wd1e-05,128,relu,0.2,0.98,1e-05,50,0.8995,model/weights/hd128_relu_lr0p2_decay0p98_wd1e-05_best.npz
311,hd512_sigmoid_lr0p2_decay0p95_wd1e-05,512,sigmoid,0.2,0.95,1e-05,50,0.8995,model/weights/hd512_sigmoid_lr0p2_decay0p95_wd1e-05_best.npz
312,hd256_sigmoid_lr0p2_decay0p95_wd1e-05,256,sigmoid,0.2,0.95,1e-05,50,0.8993333333333333,model/weights/hd256_sigmoid_lr0p2_decay0p95_wd1e-05_best.npz
313,hd256_tanh_lr0p05_decay0p95_wd0p001,256,tanh,0.05,0.95,0.001,50,0.8993333333333333,model/weights/hd256_tanh_lr0p05_decay0p95_wd0p001_best.npz
314,hd128_relu_lr0p1_decay0p95_wd1e-05,128,relu,0.1,0.95,1e-05,50,0.8991666666666667,model/weights/hd128_relu_lr0p1_decay0p95_wd1e-05_best.npz
315,hd768_relu_lr0p05_decay0p9_wd0p001,768,relu,0.05,0.9,0.001,50,0.8991666666666667,model/weights/hd768_relu_lr0p05_decay0p9_wd0p001_best.npz
316,hd768_relu_lr0p05_decay0p9_wd1e-05,768,relu,0.05,0.9,1e-05,50,0.899,model/weights/hd768_relu_lr0p05_decay0p9_wd1e-05_best.npz
317,hd768_tanh_lr0p05_decay0p95_wd0p0,768,tanh,0.05,0.95,0.0,50,0.899,model/weights/hd768_tanh_lr0p05_decay0p95_wd0p0_best.npz
318,hd128_tanh_lr0p05_decay0p98_wd0p0001,128,tanh,0.05,0.98,0.0001,50,0.8988333333333334,model/weights/hd128_tanh_lr0p05_decay0p98_wd0p0001_best.npz
319,hd128_tanh_lr0p05_decay0p98_wd0p001,128,tanh,0.05,0.98,0.001,50,0.8988333333333334,model/weights/hd128_tanh_lr0p05_decay0p98_wd0p001_best.npz
320,hd768_relu_lr0p05_decay0p9_wd0p0001,768,relu,0.05,0.9,0.0001,50,0.8988333333333334,model/weights/hd768_relu_lr0p05_decay0p9_wd0p0001_best.npz
321,hd768_tanh_lr0p05_decay0p95_wd0p0001,768,tanh,0.05,0.95,0.0001,50,0.8988333333333334,model/weights/hd768_tanh_lr0p05_decay0p95_wd0p0001_best.npz
322,hd768_tanh_lr0p05_decay0p95_wd1e-05,768,tanh,0.05,0.95,1e-05,50,0.8988333333333334,model/weights/hd768_tanh_lr0p05_decay0p95_wd1e-05_best.npz
323,hd128_relu_lr0p1_decay0p98_wd1e-05,128,relu,0.1,0.98,1e-05,50,0.8986666666666666,model/weights/hd128_relu_lr0p1_decay0p98_wd1e-05_best.npz
324,hd128_relu_lr0p1_decay1p0_wd1e-05,128,relu,0.1,1.0,1e-05,50,0.8986666666666666,model/weights/hd128_relu_lr0p1_decay1p0_wd1e-05_best.npz
325,hd128_relu_lr0p2_decay0p98_wd0p0001,128,relu,0.2,0.98,0.0001,50,0.8986666666666666,model/weights/hd128_relu_lr0p2_decay0p98_wd0p0001_best.npz
326,hd256_sigmoid_lr0p2_decay0p95_wd0p0001,256,sigmoid,0.2,0.95,0.0001,50,0.8986666666666666,model/weights/hd256_sigmoid_lr0p2_decay0p95_wd0p0001_best.npz
327,hd256_tanh,256,tanh,0.1,0.95,0.0001,15,0.8986666666666666,model/weights/hd256_tanh_best.npz
328,hd128_relu_lr0p05_decay0p98_wd1e-05,128,relu,0.05,0.98,1e-05,50,0.8985,model/weights/hd128_relu_lr0p05_decay0p98_wd1e-05_best.npz
329,hd512_sigmoid_lr0p2_decay0p95_wd0p0001,512,sigmoid,0.2,0.95,0.0001,50,0.8985,model/weights/hd512_sigmoid_lr0p2_decay0p95_wd0p0001_best.npz
330,hd768_relu_lr0p01_decay1p0_wd0p001,768,relu,0.01,1.0,0.001,50,0.8985,model/weights/hd768_relu_lr0p01_decay1p0_wd0p001_best.npz
331,hd768_relu_lr0p05_decay0p9_wd0p0,768,relu,0.05,0.9,0.0,50,0.8985,model/weights/hd768_relu_lr0p05_decay0p9_wd0p0_best.npz
332,hd128_relu_lr0p05_decay0p98_wd0p0001,128,relu,0.05,0.98,0.0001,50,0.8983333333333333,model/weights/hd128_relu_lr0p05_decay0p98_wd0p0001_best.npz
333,hd128_relu_lr0p1_decay0p9_wd0p001,128,relu,0.1,0.9,0.001,50,0.8983333333333333,model/weights/hd128_relu_lr0p1_decay0p9_wd0p001_best.npz
334,hd128_tanh_lr0p05_decay1p0_wd0p0001,128,tanh,0.05,1.0,0.0001,50,0.8983333333333333,model/weights/hd128_tanh_lr0p05_decay1p0_wd0p0001_best.npz
335,hd128_relu_lr0p1_decay1p0_wd0p0001,128,relu,0.1,1.0,0.0001,50,0.8981666666666667,model/weights/hd128_relu_lr0p1_decay1p0_wd0p0001_best.npz
336,hd128_relu_lr0p2_decay0p98_wd0p0,128,relu,0.2,0.98,0.0,50,0.8981666666666667,model/weights/hd128_relu_lr0p2_decay0p98_wd0p0_best.npz
337,hd128_tanh_lr0p05_decay0p98_wd1e-05,128,tanh,0.05,0.98,1e-05,50,0.8981666666666667,model/weights/hd128_tanh_lr0p05_decay0p98_wd1e-05_best.npz
338,hd768_tanh_lr0p1_decay0p9_wd0p001,768,tanh,0.1,0.9,0.001,50,0.8981666666666667,model/weights/hd768_tanh_lr0p1_decay0p9_wd0p001_best.npz
339,hd128_relu_lr0p05_decay1p0_wd1e-05,128,relu,0.05,1.0,1e-05,50,0.898,model/weights/hd128_relu_lr0p05_decay1p0_wd1e-05_best.npz
340,hd128_tanh_lr0p05_decay0p98_wd0p0,128,tanh,0.05,0.98,0.0,50,0.898,model/weights/hd128_tanh_lr0p05_decay0p98_wd0p0_best.npz
341,hd128_tanh_lr0p05_decay1p0_wd1e-05,128,tanh,0.05,1.0,1e-05,50,0.898,model/weights/hd128_tanh_lr0p05_decay1p0_wd1e-05_best.npz
342,hd256_relu,256,relu,0.1,0.95,0.0001,15,0.898,model/weights/hd256_relu_best.npz
343,hd256_sigmoid_lr0p1_decay0p98_wd1e-05,256,sigmoid,0.1,0.98,1e-05,50,0.898,model/weights/hd256_sigmoid_lr0p1_decay0p98_wd1e-05_best.npz
344,hd512_relu_lr0p05_decay0p9_wd0p0,512,relu,0.05,0.9,0.0,50,0.898,model/weights/hd512_relu_lr0p05_decay0p9_wd0p0_best.npz
345,hd512_relu_lr0p05_decay0p9_wd1e-05,512,relu,0.05,0.9,1e-05,50,0.898,model/weights/hd512_relu_lr0p05_decay0p9_wd1e-05_best.npz
346,hd128_relu_lr0p05_decay1p0_wd0p0001,128,relu,0.05,1.0,0.0001,50,0.8976666666666666,model/weights/hd128_relu_lr0p05_decay1p0_wd0p0001_best.npz
347,hd128_relu_lr0p1_decay0p9_wd0p0001,128,relu,0.1,0.9,0.0001,50,0.8976666666666666,model/weights/hd128_relu_lr0p1_decay0p9_wd0p0001_best.npz
348,hd256_sigmoid_lr0p1_decay0p98_wd0p0,256,sigmoid,0.1,0.98,0.0,50,0.8976666666666666,model/weights/hd256_sigmoid_lr0p1_decay0p98_wd0p0_best.npz
349,hd128_tanh_lr0p05_decay0p95_wd0p0001,128,tanh,0.05,0.95,0.0001,50,0.8975,model/weights/hd128_tanh_lr0p05_decay0p95_wd0p0001_best.npz
350,hd128_tanh_lr0p05_decay0p95_wd0p0,128,tanh,0.05,0.95,0.0,50,0.8975,model/weights/hd128_tanh_lr0p05_decay0p95_wd0p0_best.npz
351,hd128_tanh_lr0p05_decay0p95_wd1e-05,128,tanh,0.05,0.95,1e-05,50,0.8975,model/weights/hd128_tanh_lr0p05_decay0p95_wd1e-05_best.npz
352,hd128_tanh_lr0p05_decay1p0_wd0p0,128,tanh,0.05,1.0,0.0,50,0.8975,model/weights/hd128_tanh_lr0p05_decay1p0_wd0p0_best.npz
353,hd512_relu_lr0p05_decay0p9_wd0p0001,512,relu,0.05,0.9,0.0001,50,0.8975,model/weights/hd512_relu_lr0p05_decay0p9_wd0p0001_best.npz
354,hd768_relu_lr0p01_decay1p0_wd0p0001,768,relu,0.01,1.0,0.0001,50,0.8975,model/weights/hd768_relu_lr0p01_decay1p0_wd0p0001_best.npz
355,hd128_relu_lr0p1_decay0p98_wd0p0,128,relu,0.1,0.98,0.0,50,0.8973333333333333,model/weights/hd128_relu_lr0p1_decay0p98_wd0p0_best.npz
356,hd128_relu_lr0p2_decay1p0_wd0p0001,128,relu,0.2,1.0,0.0001,50,0.8973333333333333,model/weights/hd128_relu_lr0p2_decay1p0_wd0p0001_best.npz
357,hd128_tanh_lr0p2_decay0p95_wd0p0001,128,tanh,0.2,0.95,0.0001,50,0.8973333333333333,model/weights/hd128_tanh_lr0p2_decay0p95_wd0p0001_best.npz
358,hd768_relu_lr0p01_decay1p0_wd1e-05,768,relu,0.01,1.0,1e-05,50,0.8973333333333333,model/weights/hd768_relu_lr0p01_decay1p0_wd1e-05_best.npz
359,hd768_tanh_lr0p05_decay0p95_wd0p001,768,tanh,0.05,0.95,0.001,50,0.8973333333333333,model/weights/hd768_tanh_lr0p05_decay0p95_wd0p001_best.npz
360,hd128_relu_lr0p05_decay0p98_wd0p0,128,relu,0.05,0.98,0.0,50,0.8971666666666667,model/weights/hd128_relu_lr0p05_decay0p98_wd0p0_best.npz
361,hd128_relu_lr0p05_decay1p0_wd0p0,128,relu,0.05,1.0,0.0,50,0.8971666666666667,model/weights/hd128_relu_lr0p05_decay1p0_wd0p0_best.npz
362,hd128_relu_lr0p1_decay1p0_wd0p0,128,relu,0.1,1.0,0.0,50,0.8971666666666667,model/weights/hd128_relu_lr0p1_decay1p0_wd0p0_best.npz
363,hd128_tanh_lr0p1_decay0p95_wd0p0001,128,tanh,0.1,0.95,0.0001,50,0.8971666666666667,model/weights/hd128_tanh_lr0p1_decay0p95_wd0p0001_best.npz
364,hd128_relu_lr0p1_decay0p9_wd1e-05,128,relu,0.1,0.9,1e-05,50,0.897,model/weights/hd128_relu_lr0p1_decay0p9_wd1e-05_best.npz
365,hd128_sigmoid_lr0p2_decay0p98_wd0p0001,128,sigmoid,0.2,0.98,0.0001,50,0.897,model/weights/hd128_sigmoid_lr0p2_decay0p98_wd0p0001_best.npz
366,hd128_sigmoid_lr0p2_decay1p0_wd0p0001,128,sigmoid,0.2,1.0,0.0001,50,0.897,model/weights/hd128_sigmoid_lr0p2_decay1p0_wd0p0001_best.npz
367,hd128_tanh_lr0p1_decay0p95_wd0p0,128,tanh,0.1,0.95,0.0,50,0.897,model/weights/hd128_tanh_lr0p1_decay0p95_wd0p0_best.npz
368,hd768_relu_lr0p01_decay1p0_wd0p0,768,relu,0.01,1.0,0.0,50,0.897,model/weights/hd768_relu_lr0p01_decay1p0_wd0p0_best.npz
369,hd128_relu_lr0p1_decay0p9_wd0p0,128,relu,0.1,0.9,0.0,50,0.8968333333333334,model/weights/hd128_relu_lr0p1_decay0p9_wd0p0_best.npz
370,hd128_tanh_lr0p1_decay0p95_wd1e-05,128,tanh,0.1,0.95,1e-05,50,0.8968333333333334,model/weights/hd128_tanh_lr0p1_decay0p95_wd1e-05_best.npz
371,hd128_relu_lr0p2_decay1p0_wd1e-05,128,relu,0.2,1.0,1e-05,50,0.8966666666666666,model/weights/hd128_relu_lr0p2_decay1p0_wd1e-05_best.npz
372,hd128_sigmoid_lr0p2_decay0p98_wd0p0,128,sigmoid,0.2,0.98,0.0,50,0.8966666666666666,model/weights/hd128_sigmoid_lr0p2_decay0p98_wd0p0_best.npz
373,hd256_sigmoid_lr0p1_decay0p98_wd0p0001,256,sigmoid,0.1,0.98,0.0001,50,0.8966666666666666,model/weights/hd256_sigmoid_lr0p1_decay0p98_wd0p0001_best.npz
374,hd512_relu_lr0p05_decay0p9_wd0p001,512,relu,0.05,0.9,0.001,50,0.8966666666666666,model/weights/hd512_relu_lr0p05_decay0p9_wd0p001_best.npz
375,hd512_sigmoid_lr0p1_decay0p98_wd0p0,512,sigmoid,0.1,0.98,0.0,50,0.8966666666666666,model/weights/hd512_sigmoid_lr0p1_decay0p98_wd0p0_best.npz
376,hd512_sigmoid_lr0p1_decay0p98_wd1e-05,512,sigmoid,0.1,0.98,1e-05,50,0.8966666666666666,model/weights/hd512_sigmoid_lr0p1_decay0p98_wd1e-05_best.npz
377,hd128_sigmoid_lr0p1_decay1p0_wd0p0001,128,sigmoid,0.1,1.0,0.0001,50,0.8965,model/weights/hd128_sigmoid_lr0p1_decay1p0_wd0p0001_best.npz
378,hd128_sigmoid_lr0p2_decay0p95_wd0p0,128,sigmoid,0.2,0.95,0.0,50,0.8965,model/weights/hd128_sigmoid_lr0p2_decay0p95_wd0p0_best.npz
379,hd128_sigmoid_lr0p2_decay0p95_wd1e-05,128,sigmoid,0.2,0.95,1e-05,50,0.8965,model/weights/hd128_sigmoid_lr0p2_decay0p95_wd1e-05_best.npz
380,hd128_sigmoid_lr0p2_decay0p98_wd1e-05,128,sigmoid,0.2,0.98,1e-05,50,0.8965,model/weights/hd128_sigmoid_lr0p2_decay0p98_wd1e-05_best.npz
381,hd128_tanh_lr0p2_decay0p98_wd0p0001,128,tanh,0.2,0.98,0.0001,50,0.8965,model/weights/hd128_tanh_lr0p2_decay0p98_wd0p0001_best.npz
382,hd512_relu_lr0p01_decay1p0_wd0p0,512,relu,0.01,1.0,0.0,50,0.8965,model/weights/hd512_relu_lr0p01_decay1p0_wd0p0_best.npz
383,hd512_sigmoid_lr0p1_decay0p98_wd0p0001,512,sigmoid,0.1,0.98,0.0001,50,0.8965,model/weights/hd512_sigmoid_lr0p1_decay0p98_wd0p0001_best.npz
384,hd128_tanh_lr0p1_decay0p98_wd0p0001,128,tanh,0.1,0.98,0.0001,50,0.8963333333333333,model/weights/hd128_tanh_lr0p1_decay0p98_wd0p0001_best.npz
385,hd128_tanh_lr0p1_decay0p9_wd0p001,128,tanh,0.1,0.9,0.001,50,0.8963333333333333,model/weights/hd128_tanh_lr0p1_decay0p9_wd0p001_best.npz
386,hd512_relu_lr0p01_decay1p0_wd0p0001,512,relu,0.01,1.0,0.0001,50,0.8963333333333333,model/weights/hd512_relu_lr0p01_decay1p0_wd0p0001_best.npz
387,hd512_relu_lr0p01_decay1p0_wd0p001,512,relu,0.01,1.0,0.001,50,0.8963333333333333,model/weights/hd512_relu_lr0p01_decay1p0_wd0p001_best.npz
388,hd128_tanh_lr0p2_decay0p9_wd0p0001,128,tanh,0.2,0.9,0.0001,50,0.8961666666666667,model/weights/hd128_tanh_lr0p2_decay0p9_wd0p0001_best.npz
389,hd128_sigmoid_lr0p1_decay1p0_wd0p0,128,sigmoid,0.1,1.0,0.0,50,0.896,model/weights/hd128_sigmoid_lr0p1_decay1p0_wd0p0_best.npz
390,hd128_sigmoid_lr0p2_decay0p95_wd0p0001,128,sigmoid,0.2,0.95,0.0001,50,0.896,model/weights/hd128_sigmoid_lr0p2_decay0p95_wd0p0001_best.npz
391,hd256_sigmoid_lr0p05_decay1p0_wd1e-05,256,sigmoid,0.05,1.0,1e-05,50,0.896,model/weights/hd256_sigmoid_lr0p05_decay1p0_wd1e-05_best.npz
392,hd512_relu_lr0p01_decay1p0_wd1e-05,512,relu,0.01,1.0,1e-05,50,0.896,model/weights/hd512_relu_lr0p01_decay1p0_wd1e-05_best.npz
393,hd128_sigmoid_lr0p2_decay1p0_wd0p0,128,sigmoid,0.2,1.0,0.0,50,0.8958333333333334,model/weights/hd128_sigmoid_lr0p2_decay1p0_wd0p0_best.npz
394,hd128_tanh_lr0p2_decay0p95_wd1e-05,128,tanh,0.2,0.95,1e-05,50,0.8958333333333334,model/weights/hd128_tanh_lr0p2_decay0p95_wd1e-05_best.npz
395,hd256_sigmoid_lr0p05_decay1p0_wd0p0,256,sigmoid,0.05,1.0,0.0,50,0.8958333333333334,model/weights/hd256_sigmoid_lr0p05_decay1p0_wd0p0_best.npz
396,hd128_sigmoid_lr0p2_decay1p0_wd1e-05,128,sigmoid,0.2,1.0,1e-05,50,0.8956666666666667,model/weights/hd128_sigmoid_lr0p2_decay1p0_wd1e-05_best.npz
397,hd128_tanh_lr0p05_decay0p95_wd0p001,128,tanh,0.05,0.95,0.001,50,0.8956666666666667,model/weights/hd128_tanh_lr0p05_decay0p95_wd0p001_best.npz
398,hd128_relu_lr0p05_decay0p95_wd0p0001,128,relu,0.05,0.95,0.0001,50,0.8955,model/weights/hd128_relu_lr0p05_decay0p95_wd0p0001_best.npz
399,hd128_sigmoid_lr0p1_decay1p0_wd1e-05,128,sigmoid,0.1,1.0,1e-05,50,0.8955,model/weights/hd128_sigmoid_lr0p1_decay1p0_wd1e-05_best.npz
400,hd128_tanh_lr0p1_decay0p9_wd1e-05,128,tanh,0.1,0.9,1e-05,50,0.8955,model/weights/hd128_tanh_lr0p1_decay0p9_wd1e-05_best.npz
401,hd128_tanh_lr0p2_decay0p98_wd0p0,128,tanh,0.2,0.98,0.0,50,0.8955,model/weights/hd128_tanh_lr0p2_decay0p98_wd0p0_best.npz
402,hd128_tanh_lr0p2_decay0p9_wd1e-05,128,tanh,0.2,0.9,1e-05,50,0.8955,model/weights/hd128_tanh_lr0p2_decay0p9_wd1e-05_best.npz
403,hd128_tanh_lr0p1_decay0p9_wd0p0001,128,tanh,0.1,0.9,0.0001,50,0.8953333333333333,model/weights/hd128_tanh_lr0p1_decay0p9_wd0p0001_best.npz
404,hd128_tanh_lr0p1_decay0p9_wd0p0,128,tanh,0.1,0.9,0.0,50,0.8953333333333333,model/weights/hd128_tanh_lr0p1_decay0p9_wd0p0_best.npz
405,hd128_tanh_lr0p2_decay0p95_wd0p0,128,tanh,0.2,0.95,0.0,50,0.8953333333333333,model/weights/hd128_tanh_lr0p2_decay0p95_wd0p0_best.npz
406,hd128_tanh_lr0p2_decay0p98_wd1e-05,128,tanh,0.2,0.98,1e-05,50,0.8953333333333333,model/weights/hd128_tanh_lr0p2_decay0p98_wd1e-05_best.npz
407,hd128_tanh_lr0p2_decay1p0_wd0p0001,128,tanh,0.2,1.0,0.0001,50,0.8953333333333333,model/weights/hd128_tanh_lr0p2_decay1p0_wd0p0001_best.npz
408,hd128_relu_lr0p05_decay0p95_wd0p001,128,relu,0.05,0.95,0.001,50,0.8951666666666667,model/weights/hd128_relu_lr0p05_decay0p95_wd0p001_best.npz
409,hd128_relu_lr0p05_decay0p95_wd1e-05,128,relu,0.05,0.95,1e-05,50,0.8951666666666667,model/weights/hd128_relu_lr0p05_decay0p95_wd1e-05_best.npz
410,hd128_relu_lr0p2_decay1p0_wd0p0,128,relu,0.2,1.0,0.0,50,0.8951666666666667,model/weights/hd128_relu_lr0p2_decay1p0_wd0p0_best.npz
411,hd128_tanh_lr0p1_decay0p98_wd0p0,128,tanh,0.1,0.98,0.0,50,0.8951666666666667,model/weights/hd128_tanh_lr0p1_decay0p98_wd0p0_best.npz
412,hd128_tanh_lr0p1_decay0p98_wd1e-05,128,tanh,0.1,0.98,1e-05,50,0.8951666666666667,model/weights/hd128_tanh_lr0p1_decay0p98_wd1e-05_best.npz
413,hd128_tanh_lr0p2_decay0p9_wd0p0,128,tanh,0.2,0.9,0.0,50,0.8951666666666667,model/weights/hd128_tanh_lr0p2_decay0p9_wd0p0_best.npz
414,hd128_relu_lr0p05_decay0p95_wd0p0,128,relu,0.05,0.95,0.0,50,0.895,model/weights/hd128_relu_lr0p05_decay0p95_wd0p0_best.npz
415,hd128_tanh_lr0p1_decay1p0_wd0p0001,128,tanh,0.1,1.0,0.0001,50,0.895,model/weights/hd128_tanh_lr0p1_decay1p0_wd0p0001_best.npz
416,hd128_tanh_lr0p1_decay1p0_wd1e-05,128,tanh,0.1,1.0,1e-05,50,0.8948333333333334,model/weights/hd128_tanh_lr0p1_decay1p0_wd1e-05_best.npz
417,hd128_tanh_lr0p1_decay1p0_wd0p0,128,tanh,0.1,1.0,0.0,50,0.8946666666666667,model/weights/hd128_tanh_lr0p1_decay1p0_wd0p0_best.npz
418,hd512_sigmoid_lr0p05_decay1p0_wd1e-05,512,sigmoid,0.05,1.0,1e-05,50,0.8945,model/weights/hd512_sigmoid_lr0p05_decay1p0_wd1e-05_best.npz
419,hd256_relu_lr0p05_decay0p9_wd0p0,256,relu,0.05,0.9,0.0,50,0.8943333333333333,model/weights/hd256_relu_lr0p05_decay0p9_wd0p0_best.npz
420,hd256_sigmoid_lr0p2_decay0p98_wd0p001,256,sigmoid,0.2,0.98,0.001,50,0.8943333333333333,model/weights/hd256_sigmoid_lr0p2_decay0p98_wd0p001_best.npz
421,hd512_sigmoid_lr0p05_decay1p0_wd0p0,512,sigmoid,0.05,1.0,0.0,50,0.8943333333333333,model/weights/hd512_sigmoid_lr0p05_decay1p0_wd0p0_best.npz
422,hd128_relu,128,relu,0.1,0.95,0.0001,15,0.8941666666666667,model/weights/hd128_relu_best.npz
423,hd256_relu_lr0p05_decay0p9_wd1e-05,256,relu,0.05,0.9,1e-05,50,0.8941666666666667,model/weights/hd256_relu_lr0p05_decay0p9_wd1e-05_best.npz
424,hd256_sigmoid_lr0p05_decay1p0_wd0p0001,256,sigmoid,0.05,1.0,0.0001,50,0.8941666666666667,model/weights/hd256_sigmoid_lr0p05_decay1p0_wd0p0001_best.npz
425,hd512_tanh_lr0p05_decay0p9_wd0p0001,512,tanh,0.05,0.9,0.0001,50,0.8941666666666667,model/weights/hd512_tanh_lr0p05_decay0p9_wd0p0001_best.npz
426,hd512_tanh_lr0p05_decay0p9_wd0p0,512,tanh,0.05,0.9,0.0,50,0.8941666666666667,model/weights/hd512_tanh_lr0p05_decay0p9_wd0p0_best.npz
427,hd512_tanh_lr0p05_decay0p9_wd1e-05,512,tanh,0.05,0.9,1e-05,50,0.8941666666666667,model/weights/hd512_tanh_lr0p05_decay0p9_wd1e-05_best.npz
428,hd128_sigmoid_lr0p1_decay0p98_wd0p0,128,sigmoid,0.1,0.98,0.0,50,0.894,model/weights/hd128_sigmoid_lr0p1_decay0p98_wd0p0_best.npz
429,hd128_tanh_lr0p2_decay1p0_wd1e-05,128,tanh,0.2,1.0,1e-05,50,0.894,model/weights/hd128_tanh_lr0p2_decay1p0_wd1e-05_best.npz
430,hd128_sigmoid_lr0p1_decay0p98_wd1e-05,128,sigmoid,0.1,0.98,1e-05,50,0.8938333333333334,model/weights/hd128_sigmoid_lr0p1_decay0p98_wd1e-05_best.npz
431,hd256_relu_lr0p01_decay1p0_wd0p0,256,relu,0.01,1.0,0.0,50,0.8936666666666667,model/weights/hd256_relu_lr0p01_decay1p0_wd0p0_best.npz
432,hd128_sigmoid_lr0p1_decay0p98_wd0p0001,128,sigmoid,0.1,0.98,0.0001,50,0.8935,model/weights/hd128_sigmoid_lr0p1_decay0p98_wd0p0001_best.npz
433,hd128_tanh_lr0p2_decay1p0_wd0p0,128,tanh,0.2,1.0,0.0,50,0.8935,model/weights/hd128_tanh_lr0p2_decay1p0_wd0p0_best.npz
434,hd256_relu_lr0p01_decay1p0_wd0p001,256,relu,0.01,1.0,0.001,50,0.8935,model/weights/hd256_relu_lr0p01_decay1p0_wd0p001_best.npz
435,hd256_relu_lr0p05_decay0p9_wd0p0001,256,relu,0.05,0.9,0.0001,50,0.8935,model/weights/hd256_relu_lr0p05_decay0p9_wd0p0001_best.npz
436,hd256_relu_lr0p05_decay0p9_wd0p001,256,relu,0.05,0.9,0.001,50,0.8935,model/weights/hd256_relu_lr0p05_decay0p9_wd0p001_best.npz
437,hd512_tanh_lr0p01_decay1p0_wd0p0,512,tanh,0.01,1.0,0.0,50,0.8935,model/weights/hd512_tanh_lr0p01_decay1p0_wd0p0_best.npz
438,hd256_sigmoid_lr0p2_decay0p9_wd0p0,256,sigmoid,0.2,0.9,0.0,50,0.8933333333333333,model/weights/hd256_sigmoid_lr0p2_decay0p9_wd0p0_best.npz
439,hd256_sigmoid_lr0p2_decay1p0_wd0p001,256,sigmoid,0.2,1.0,0.001,50,0.8933333333333333,model/weights/hd256_sigmoid_lr0p2_decay1p0_wd0p001_best.npz
440,hd512_tanh_lr0p01_decay1p0_wd0p0001,512,tanh,0.01,1.0,0.0001,50,0.8933333333333333,model/weights/hd512_tanh_lr0p01_decay1p0_wd0p0001_best.npz
441,hd512_tanh_lr0p01_decay1p0_wd1e-05,512,tanh,0.01,1.0,1e-05,50,0.8933333333333333,model/weights/hd512_tanh_lr0p01_decay1p0_wd1e-05_best.npz
442,hd128_relu_lr0p05_decay0p9_wd0p001,128,relu,0.05,0.9,0.001,50,0.8931666666666667,model/weights/hd128_relu_lr0p05_decay0p9_wd0p001_best.npz
443,hd256_relu_lr0p01_decay1p0_wd0p0001,256,relu,0.01,1.0,0.0001,50,0.8931666666666667,model/weights/hd256_relu_lr0p01_decay1p0_wd0p0001_best.npz
444,hd256_relu_lr0p01_decay1p0_wd1e-05,256,relu,0.01,1.0,1e-05,50,0.8931666666666667,model/weights/hd256_relu_lr0p01_decay1p0_wd1e-05_best.npz
445,hd256_sigmoid_lr0p2_decay0p9_wd1e-05,256,sigmoid,0.2,0.9,1e-05,50,0.8931666666666667,model/weights/hd256_sigmoid_lr0p2_decay0p9_wd1e-05_best.npz
446,hd128_sigmoid_lr0p2_decay1p0_wd0p001,128,sigmoid,0.2,1.0,0.001,50,0.893,model/weights/hd128_sigmoid_lr0p2_decay1p0_wd0p001_best.npz
447,hd256_tanh_lr0p01_decay1p0_wd0p001,256,tanh,0.01,1.0,0.001,50,0.893,model/weights/hd256_tanh_lr0p01_decay1p0_wd0p001_best.npz
448,hd512_sigmoid_lr0p05_decay1p0_wd0p0001,512,sigmoid,0.05,1.0,0.0001,50,0.893,model/weights/hd512_sigmoid_lr0p05_decay1p0_wd0p0001_best.npz
449,hd128_relu_lr0p01_decay1p0_wd0p0001,128,relu,0.01,1.0,0.0001,50,0.8928333333333334,model/weights/hd128_relu_lr0p01_decay1p0_wd0p0001_best.npz
450,hd128_relu_lr0p01_decay1p0_wd0p0,128,relu,0.01,1.0,0.0,50,0.8928333333333334,model/weights/hd128_relu_lr0p01_decay1p0_wd0p0_best.npz
451,hd128_relu_lr0p01_decay1p0_wd1e-05,128,relu,0.01,1.0,1e-05,50,0.8928333333333334,model/weights/hd128_relu_lr0p01_decay1p0_wd1e-05_best.npz
452,hd128_sigmoid_lr0p05_decay1p0_wd0p0,128,sigmoid,0.05,1.0,0.0,50,0.8928333333333334,model/weights/hd128_sigmoid_lr0p05_decay1p0_wd0p0_best.npz
453,hd256_tanh_lr0p05_decay0p9_wd0p0001,256,tanh,0.05,0.9,0.0001,50,0.8928333333333334,model/weights/hd256_tanh_lr0p05_decay0p9_wd0p0001_best.npz
454,hd256_tanh_lr0p05_decay0p9_wd0p0,256,tanh,0.05,0.9,0.0,50,0.8928333333333334,model/weights/hd256_tanh_lr0p05_decay0p9_wd0p0_best.npz
455,hd256_tanh_lr0p05_decay0p9_wd1e-05,256,tanh,0.05,0.9,1e-05,50,0.8928333333333334,model/weights/hd256_tanh_lr0p05_decay0p9_wd1e-05_best.npz
456,hd128_relu_lr0p05_decay0p9_wd1e-05,128,relu,0.05,0.9,1e-05,50,0.8926666666666667,model/weights/hd128_relu_lr0p05_decay0p9_wd1e-05_best.npz
457,hd128_sigmoid_lr0p05_decay1p0_wd0p0001,128,sigmoid,0.05,1.0,0.0001,50,0.8926666666666667,model/weights/hd128_sigmoid_lr0p05_decay1p0_wd0p0001_best.npz
458,hd128_sigmoid_lr0p2_decay0p98_wd0p001,128,sigmoid,0.2,0.98,0.001,50,0.8926666666666667,model/weights/hd128_sigmoid_lr0p2_decay0p98_wd0p001_best.npz
459,hd768_tanh_lr0p01_decay1p0_wd0p0001,768,tanh,0.01,1.0,0.0001,50,0.8926666666666667,model/weights/hd768_tanh_lr0p01_decay1p0_wd0p0001_best.npz
460,hd768_tanh_lr0p01_decay1p0_wd0p0,768,tanh,0.01,1.0,0.0,50,0.8926666666666667,model/weights/hd768_tanh_lr0p01_decay1p0_wd0p0_best.npz
461,hd128_relu_lr0p05_decay0p9_wd0p0001,128,relu,0.05,0.9,0.0001,50,0.8925,model/weights/hd128_relu_lr0p05_decay0p9_wd0p0001_best.npz
462,hd128_sigmoid_lr0p05_decay1p0_wd1e-05,128,sigmoid,0.05,1.0,1e-05,50,0.8925,model/weights/hd128_sigmoid_lr0p05_decay1p0_wd1e-05_best.npz
463,hd768_tanh_lr0p01_decay1p0_wd1e-05,768,tanh,0.01,1.0,1e-05,50,0.8925,model/weights/hd768_tanh_lr0p01_decay1p0_wd1e-05_best.npz
464,hd128_relu_lr0p05_decay0p9_wd0p0,128,relu,0.05,0.9,0.0,50,0.8923333333333333,model/weights/hd128_relu_lr0p05_decay0p9_wd0p0_best.npz
465,hd256_tanh_lr0p01_decay1p0_wd0p0,256,tanh,0.01,1.0,0.0,50,0.8923333333333333,model/weights/hd256_tanh_lr0p01_decay1p0_wd0p0_best.npz
466,hd256_tanh_lr0p01_decay1p0_wd1e-05,256,tanh,0.01,1.0,1e-05,50,0.8923333333333333,model/weights/hd256_tanh_lr0p01_decay1p0_wd1e-05_best.npz
467,hd256_tanh_lr0p05_decay0p9_wd0p001,256,tanh,0.05,0.9,0.001,50,0.8923333333333333,model/weights/hd256_tanh_lr0p05_decay0p9_wd0p001_best.npz
468,hd512_sigmoid_lr0p1_decay0p95_wd1e-05,512,sigmoid,0.1,0.95,1e-05,50,0.8923333333333333,model/weights/hd512_sigmoid_lr0p1_decay0p95_wd1e-05_best.npz
469,hd512_sigmoid_lr0p2_decay0p98_wd0p001,512,sigmoid,0.2,0.98,0.001,50,0.8923333333333333,model/weights/hd512_sigmoid_lr0p2_decay0p98_wd0p001_best.npz
470,hd512_tanh_lr0p01_decay1p0_wd0p001,512,tanh,0.01,1.0,0.001,50,0.8923333333333333,model/weights/hd512_tanh_lr0p01_decay1p0_wd0p001_best.npz
471,hd256_tanh_lr0p01_decay1p0_wd0p0001,256,tanh,0.01,1.0,0.0001,50,0.8921666666666667,model/weights/hd256_tanh_lr0p01_decay1p0_wd0p0001_best.npz
472,hd512_sigmoid_lr0p1_decay0p95_wd0p0,512,sigmoid,0.1,0.95,0.0,50,0.8921666666666667,model/weights/hd512_sigmoid_lr0p1_decay0p95_wd0p0_best.npz
473,hd512_tanh_lr0p05_decay0p9_wd0p001,512,tanh,0.05,0.9,0.001,50,0.8921666666666667,model/weights/hd512_tanh_lr0p05_decay0p9_wd0p001_best.npz
474,hd768_relu_lr0p01_decay0p98_wd0p001,768,relu,0.01,0.98,0.001,50,0.8921666666666667,model/weights/hd768_relu_lr0p01_decay0p98_wd0p001_best.npz
475,hd256_sigmoid_lr0p2_decay0p9_wd0p0001,256,sigmoid,0.2,0.9,0.0001,50,0.892,model/weights/hd256_sigmoid_lr0p2_decay0p9_wd0p0001_best.npz
476,hd512_sigmoid_lr0p2_decay0p9_wd0p0,512,sigmoid,0.2,0.9,0.0,50,0.892,model/weights/hd512_sigmoid_lr0p2_decay0p9_wd0p0_best.npz
477,hd512_sigmoid_lr0p2_decay0p9_wd1e-05,512,sigmoid,0.2,0.9,1e-05,50,0.892,model/weights/hd512_sigmoid_lr0p2_decay0p9_wd1e-05_best.npz
478,hd768_relu_lr0p01_decay0p98_wd0p0,768,relu,0.01,0.98,0.0,50,0.8918333333333334,model/weights/hd768_relu_lr0p01_decay0p98_wd0p0_best.npz
479,hd768_tanh_lr0p05_decay0p9_wd0p0,768,tanh,0.05,0.9,0.0,50,0.8918333333333334,model/weights/hd768_tanh_lr0p05_decay0p9_wd0p0_best.npz
480,hd768_tanh_lr0p05_decay0p9_wd1e-05,768,tanh,0.05,0.9,1e-05,50,0.8918333333333334,model/weights/hd768_tanh_lr0p05_decay0p9_wd1e-05_best.npz
481,hd768_relu_lr0p01_decay0p98_wd1e-05,768,relu,0.01,0.98,1e-05,50,0.8916666666666667,model/weights/hd768_relu_lr0p01_decay0p98_wd1e-05_best.npz
482,hd768_tanh_lr0p05_decay0p9_wd0p0001,768,tanh,0.05,0.9,0.0001,50,0.8916666666666667,model/weights/hd768_tanh_lr0p05_decay0p9_wd0p0001_best.npz
483,hd128_relu_lr0p01_decay1p0_wd0p001,128,relu,0.01,1.0,0.001,50,0.8915,model/weights/hd128_relu_lr0p01_decay1p0_wd0p001_best.npz
484,hd128_sigmoid_lr0p1_decay1p0_wd0p001,128,sigmoid,0.1,1.0,0.001,50,0.8915,model/weights/hd128_sigmoid_lr0p1_decay1p0_wd0p001_best.npz
485,hd128_tanh_lr0p05_decay0p9_wd0p0001,128,tanh,0.05,0.9,0.0001,50,0.8915,model/weights/hd128_tanh_lr0p05_decay0p9_wd0p0001_best.npz
486,hd512_sigmoid_lr0p2_decay0p9_wd0p0001,512,sigmoid,0.2,0.9,0.0001,50,0.8915,model/weights/hd512_sigmoid_lr0p2_decay0p9_wd0p0001_best.npz
487,hd768_relu_lr0p01_decay0p98_wd0p0001,768,relu,0.01,0.98,0.0001,50,0.8915,model/weights/hd768_relu_lr0p01_decay0p98_wd0p0001_best.npz
488,hd128_tanh_lr0p05_decay0p9_wd0p0,128,tanh,0.05,0.9,0.0,50,0.8913333333333333,model/weights/hd128_tanh_lr0p05_decay0p9_wd0p0_best.npz
489,hd128_tanh_lr0p05_decay0p9_wd1e-05,128,tanh,0.05,0.9,1e-05,50,0.8913333333333333,model/weights/hd128_tanh_lr0p05_decay0p9_wd1e-05_best.npz
490,hd256_sigmoid_lr0p2_decay0p95_wd0p001,256,sigmoid,0.2,0.95,0.001,50,0.8913333333333333,model/weights/hd256_sigmoid_lr0p2_decay0p95_wd0p001_best.npz
491,hd768_tanh_lr0p05_decay0p9_wd0p001,768,tanh,0.05,0.9,0.001,50,0.8911666666666667,model/weights/hd768_tanh_lr0p05_decay0p9_wd0p001_best.npz
492,hd512_sigmoid_lr0p1_decay0p95_wd0p0001,512,sigmoid,0.1,0.95,0.0001,50,0.8908333333333334,model/weights/hd512_sigmoid_lr0p1_decay0p95_wd0p0001_best.npz
493,hd256_sigmoid_lr0p1_decay0p95_wd0p0,256,sigmoid,0.1,0.95,0.0,50,0.8906666666666667,model/weights/hd256_sigmoid_lr0p1_decay0p95_wd0p0_best.npz
494,hd256_sigmoid_lr0p1_decay0p95_wd1e-05,256,sigmoid,0.1,0.95,1e-05,50,0.8906666666666667,model/weights/hd256_sigmoid_lr0p1_decay0p95_wd1e-05_best.npz
495,hd512_sigmoid_lr0p2_decay1p0_wd0p001,512,sigmoid,0.2,1.0,0.001,50,0.8906666666666667,model/weights/hd512_sigmoid_lr0p2_decay1p0_wd0p001_best.npz
496,hd128_sigmoid_lr0p2_decay0p9_wd1e-05,128,sigmoid,0.2,0.9,1e-05,50,0.8905,model/weights/hd128_sigmoid_lr0p2_decay0p9_wd1e-05_best.npz
497,hd256_sigmoid_lr0p1_decay1p0_wd0p001,256,sigmoid,0.1,1.0,0.001,50,0.8905,model/weights/hd256_sigmoid_lr0p1_decay1p0_wd0p001_best.npz
498,hd128_sigmoid_lr0p1_decay0p95_wd0p0,128,sigmoid,0.1,0.95,0.0,50,0.8903333333333333,model/weights/hd128_sigmoid_lr0p1_decay0p95_wd0p0_best.npz
499,hd128_sigmoid_lr0p1_decay0p95_wd1e-05,128,sigmoid,0.1,0.95,1e-05,50,0.8903333333333333,model/weights/hd128_sigmoid_lr0p1_decay0p95_wd1e-05_best.npz
500,hd128_sigmoid_lr0p2_decay0p9_wd0p0001,128,sigmoid,0.2,0.9,0.0001,50,0.8903333333333333,model/weights/hd128_sigmoid_lr0p2_decay0p9_wd0p0001_best.npz
501,hd128_sigmoid_lr0p2_decay0p9_wd0p0,128,sigmoid,0.2,0.9,0.0,50,0.8903333333333333,model/weights/hd128_sigmoid_lr0p2_decay0p9_wd0p0_best.npz
502,hd768_tanh_lr0p01_decay1p0_wd0p001,768,tanh,0.01,1.0,0.001,50,0.8903333333333333,model/weights/hd768_tanh_lr0p01_decay1p0_wd0p001_best.npz
503,hd128_tanh_lr0p01_decay1p0_wd0p0001,128,tanh,0.01,1.0,0.0001,50,0.8901666666666667,model/weights/hd128_tanh_lr0p01_decay1p0_wd0p0001_best.npz
504,hd128_tanh_lr0p01_decay1p0_wd0p0,128,tanh,0.01,1.0,0.0,50,0.8901666666666667,model/weights/hd128_tanh_lr0p01_decay1p0_wd0p0_best.npz
505,hd128_tanh_lr0p01_decay1p0_wd1e-05,128,tanh,0.01,1.0,1e-05,50,0.8901666666666667,model/weights/hd128_tanh_lr0p01_decay1p0_wd1e-05_best.npz
506,hd128_sigmoid_lr0p2_decay0p95_wd0p001,128,sigmoid,0.2,0.95,0.001,50,0.89,model/weights/hd128_sigmoid_lr0p2_decay0p95_wd0p001_best.npz
507,hd128_tanh_lr0p05_decay0p9_wd0p001,128,tanh,0.05,0.9,0.001,50,0.89,model/weights/hd128_tanh_lr0p05_decay0p9_wd0p001_best.npz
508,hd512_sigmoid_lr0p05_decay0p98_wd0p0,512,sigmoid,0.05,0.98,0.0,50,0.89,model/weights/hd512_sigmoid_lr0p05_decay0p98_wd0p0_best.npz
509,hd128_sigmoid_lr0p1_decay0p95_wd0p0001,128,sigmoid,0.1,0.95,0.0001,50,0.8898333333333334,model/weights/hd128_sigmoid_lr0p1_decay0p95_wd0p0001_best.npz
510,hd256_sigmoid_lr0p1_decay0p95_wd0p0001,256,sigmoid,0.1,0.95,0.0001,50,0.8895,model/weights/hd256_sigmoid_lr0p1_decay0p95_wd0p0001_best.npz
511,hd512_sigmoid_lr0p05_decay0p98_wd1e-05,512,sigmoid,0.05,0.98,1e-05,50,0.8895,model/weights/hd512_sigmoid_lr0p05_decay0p98_wd1e-05_best.npz
512,hd512_relu_lr0p01_decay0p98_wd1e-05,512,relu,0.01,0.98,1e-05,50,0.8893333333333333,model/weights/hd512_relu_lr0p01_decay0p98_wd1e-05_best.npz
513,hd512_relu_lr0p01_decay0p98_wd0p0,512,relu,0.01,0.98,0.0,50,0.8891666666666667,model/weights/hd512_relu_lr0p01_decay0p98_wd0p0_best.npz
514,hd128_sigmoid_lr0p1_decay0p98_wd0p001,128,sigmoid,0.1,0.98,0.001,50,0.889,model/weights/hd128_sigmoid_lr0p1_decay0p98_wd0p001_best.npz
515,hd256_sigmoid_lr0p1_decay0p98_wd0p001,256,sigmoid,0.1,0.98,0.001,50,0.889,model/weights/hd256_sigmoid_lr0p1_decay0p98_wd0p001_best.npz
516,hd512_sigmoid_lr0p2_decay0p95_wd0p001,512,sigmoid,0.2,0.95,0.001,50,0.889,model/weights/hd512_sigmoid_lr0p2_decay0p95_wd0p001_best.npz
517,hd128_sigmoid_lr0p05_decay0p98_wd0p0,128,sigmoid,0.05,0.98,0.0,50,0.8888333333333334,model/weights/hd128_sigmoid_lr0p05_decay0p98_wd0p0_best.npz
518,hd256_relu_lr0p01_decay0p98_wd1e-05,256,relu,0.01,0.98,1e-05,50,0.8888333333333334,model/weights/hd256_relu_lr0p01_decay0p98_wd1e-05_best.npz
519,hd256_relu_lr0p01_decay0p98_wd0p0001,256,relu,0.01,0.98,0.0001,50,0.8886666666666667,model/weights/hd256_relu_lr0p01_decay0p98_wd0p0001_best.npz
520,hd256_relu_lr0p01_decay0p98_wd0p0,256,relu,0.01,0.98,0.0,50,0.8886666666666667,model/weights/hd256_relu_lr0p01_decay0p98_wd0p0_best.npz
521,hd512_sigmoid_lr0p1_decay1p0_wd0p001,512,sigmoid,0.1,1.0,0.001,50,0.8886666666666667,model/weights/hd512_sigmoid_lr0p1_decay1p0_wd0p001_best.npz
522,hd128_relu_lr0p01_decay0p98_wd0p001,128,relu,0.01,0.98,0.001,50,0.8885,model/weights/hd128_relu_lr0p01_decay0p98_wd0p001_best.npz
523,hd128_sigmoid_lr0p05_decay0p98_wd1e-05,128,sigmoid,0.05,0.98,1e-05,50,0.8885,model/weights/hd128_sigmoid_lr0p05_decay0p98_wd1e-05_best.npz
524,hd128_tanh_lr0p01_decay1p0_wd0p001,128,tanh,0.01,1.0,0.001,50,0.8885,model/weights/hd128_tanh_lr0p01_decay1p0_wd0p001_best.npz
525,hd512_relu_lr0p01_decay0p98_wd0p0001,512,relu,0.01,0.98,0.0001,50,0.8885,model/weights/hd512_relu_lr0p01_decay0p98_wd0p0001_best.npz
526,hd768_sigmoid_lr0p2_decay1p0_wd0p001,768,sigmoid,0.2,1.0,0.001,50,0.888,model/weights/hd768_sigmoid_lr0p2_decay1p0_wd0p001_best.npz
527,hd512_sigmoid_lr0p05_decay0p98_wd0p0001,512,sigmoid,0.05,0.98,0.0001,50,0.8878333333333334,model/weights/hd512_sigmoid_lr0p05_decay0p98_wd0p0001_best.npz
528,hd128_relu_lr0p01_decay0p98_wd0p0,128,relu,0.01,0.98,0.0,50,0.8876666666666667,model/weights/hd128_relu_lr0p01_decay0p98_wd0p0_best.npz
529,hd256_relu_lr0p01_decay0p98_wd0p001,256,relu,0.01,0.98,0.001,50,0.8876666666666667,model/weights/hd256_relu_lr0p01_decay0p98_wd0p001_best.npz
530,hd128_sigmoid_lr0p05_decay0p98_wd0p0001,128,sigmoid,0.05,0.98,0.0001,50,0.8875,model/weights/hd128_sigmoid_lr0p05_decay0p98_wd0p0001_best.npz
531,hd512_relu_lr0p01_decay0p98_wd0p001,512,relu,0.01,0.98,0.001,50,0.8875,model/weights/hd512_relu_lr0p01_decay0p98_wd0p001_best.npz
532,hd128_relu_lr0p01_decay0p98_wd0p0001,128,relu,0.01,0.98,0.0001,50,0.8873333333333333,model/weights/hd128_relu_lr0p01_decay0p98_wd0p0001_best.npz
533,hd128_relu_lr0p01_decay0p98_wd1e-05,128,relu,0.01,0.98,1e-05,50,0.8873333333333333,model/weights/hd128_relu_lr0p01_decay0p98_wd1e-05_best.npz
534,hd256_sigmoid_lr0p05_decay0p98_wd1e-05,256,sigmoid,0.05,0.98,1e-05,50,0.8873333333333333,model/weights/hd256_sigmoid_lr0p05_decay0p98_wd1e-05_best.npz
535,hd256_sigmoid_lr0p05_decay0p98_wd0p0,256,sigmoid,0.05,0.98,0.0,50,0.887,model/weights/hd256_sigmoid_lr0p05_decay0p98_wd0p0_best.npz
536,hd512_sigmoid_lr0p1_decay0p98_wd0p001,512,sigmoid,0.1,0.98,0.001,50,0.8868333333333334,model/weights/hd512_sigmoid_lr0p1_decay0p98_wd0p001_best.npz
537,hd512_tanh_lr0p01_decay0p98_wd0p0001,512,tanh,0.01,0.98,0.0001,50,0.8866666666666667,model/weights/hd512_tanh_lr0p01_decay0p98_wd0p0001_best.npz
538,hd512_tanh_lr0p01_decay0p98_wd0p0,512,tanh,0.01,0.98,0.0,50,0.8866666666666667,model/weights/hd512_tanh_lr0p01_decay0p98_wd0p0_best.npz
539,hd512_tanh_lr0p01_decay0p98_wd1e-05,512,tanh,0.01,0.98,1e-05,50,0.8866666666666667,model/weights/hd512_tanh_lr0p01_decay0p98_wd1e-05_best.npz
540,hd256_sigmoid_lr0p05_decay0p98_wd0p0001,256,sigmoid,0.05,0.98,0.0001,50,0.8865,model/weights/hd256_sigmoid_lr0p05_decay0p98_wd0p0001_best.npz
541,hd768_relu_lr0p01_decay0p95_wd0p001,768,relu,0.01,0.95,0.001,50,0.8865,model/weights/hd768_relu_lr0p01_decay0p95_wd0p001_best.npz
542,hd768_relu_lr0p01_decay0p95_wd0p0001,768,relu,0.01,0.95,0.0001,50,0.8861666666666667,model/weights/hd768_relu_lr0p01_decay0p95_wd0p0001_best.npz
543,hd768_relu_lr0p01_decay0p95_wd1e-05,768,relu,0.01,0.95,1e-05,50,0.8861666666666667,model/weights/hd768_relu_lr0p01_decay0p95_wd1e-05_best.npz
544,hd768_relu_lr0p01_decay0p95_wd0p0,768,relu,0.01,0.95,0.0,50,0.886,model/weights/hd768_relu_lr0p01_decay0p95_wd0p0_best.npz
545,hd768_tanh_lr0p01_decay0p98_wd0p0001,768,tanh,0.01,0.98,0.0001,50,0.886,model/weights/hd768_tanh_lr0p01_decay0p98_wd0p0001_best.npz
546,hd768_tanh_lr0p01_decay0p98_wd0p001,768,tanh,0.01,0.98,0.001,50,0.886,model/weights/hd768_tanh_lr0p01_decay0p98_wd0p001_best.npz
547,hd256_sigmoid_lr0p05_decay1p0_wd0p001,256,sigmoid,0.05,1.0,0.001,50,0.8858333333333334,model/weights/hd256_sigmoid_lr0p05_decay1p0_wd0p001_best.npz
548,hd512_tanh_lr0p01_decay0p98_wd0p001,512,tanh,0.01,0.98,0.001,50,0.8858333333333334,model/weights/hd512_tanh_lr0p01_decay0p98_wd0p001_best.npz
549,hd768_tanh_lr0p01_decay0p98_wd0p0,768,tanh,0.01,0.98,0.0,50,0.8858333333333334,model/weights/hd768_tanh_lr0p01_decay0p98_wd0p0_best.npz
550,hd768_tanh_lr0p01_decay0p98_wd1e-05,768,tanh,0.01,0.98,1e-05,50,0.8858333333333334,model/weights/hd768_tanh_lr0p01_decay0p98_wd1e-05_best.npz
551,hd128_sigmoid_lr0p05_decay1p0_wd0p001,128,sigmoid,0.05,1.0,0.001,50,0.8856666666666667,model/weights/hd128_sigmoid_lr0p05_decay1p0_wd0p001_best.npz
552,hd128_tanh_lr0p01_decay0p98_wd0p0,128,tanh,0.01,0.98,0.0,50,0.8853333333333333,model/weights/hd128_tanh_lr0p01_decay0p98_wd0p0_best.npz
553,hd128_tanh_lr0p01_decay0p98_wd0p0001,128,tanh,0.01,0.98,0.0001,50,0.885,model/weights/hd128_tanh_lr0p01_decay0p98_wd0p0001_best.npz
554,hd128_tanh_lr0p01_decay0p98_wd1e-05,128,tanh,0.01,0.98,1e-05,50,0.885,model/weights/hd128_tanh_lr0p01_decay0p98_wd1e-05_best.npz
555,hd256_tanh_lr0p01_decay0p98_wd0p0001,256,tanh,0.01,0.98,0.0001,50,0.8848333333333334,model/weights/hd256_tanh_lr0p01_decay0p98_wd0p0001_best.npz
556,hd128_tanh_lr0p01_decay0p98_wd0p001,128,tanh,0.01,0.98,0.001,50,0.8846666666666667,model/weights/hd128_tanh_lr0p01_decay0p98_wd0p001_best.npz
557,hd256_tanh_lr0p01_decay0p98_wd0p0,256,tanh,0.01,0.98,0.0,50,0.8845,model/weights/hd256_tanh_lr0p01_decay0p98_wd0p0_best.npz
558,hd256_tanh_lr0p01_decay0p98_wd1e-05,256,tanh,0.01,0.98,1e-05,50,0.8845,model/weights/hd256_tanh_lr0p01_decay0p98_wd1e-05_best.npz
559,hd512_sigmoid_lr0p05_decay1p0_wd0p001,512,sigmoid,0.05,1.0,0.001,50,0.8843333333333333,model/weights/hd512_sigmoid_lr0p05_decay1p0_wd0p001_best.npz
560,hd256_sigmoid_lr0p2_decay0p9_wd0p001,256,sigmoid,0.2,0.9,0.001,50,0.884,model/weights/hd256_sigmoid_lr0p2_decay0p9_wd0p001_best.npz
561,hd256_tanh_lr0p01_decay0p98_wd0p001,256,tanh,0.01,0.98,0.001,50,0.8838333333333334,model/weights/hd256_tanh_lr0p01_decay0p98_wd0p001_best.npz
562,hd128_sigmoid_lr0p2_decay0p9_wd0p001,128,sigmoid,0.2,0.9,0.001,50,0.8831666666666667,model/weights/hd128_sigmoid_lr0p2_decay0p9_wd0p001_best.npz
563,hd128_sigmoid_lr0p1_decay0p95_wd0p001,128,sigmoid,0.1,0.95,0.001,50,0.8826666666666667,model/weights/hd128_sigmoid_lr0p1_decay0p95_wd0p001_best.npz
564,hd256_sigmoid_lr0p1_decay0p95_wd0p001,256,sigmoid,0.1,0.95,0.001,50,0.8826666666666667,model/weights/hd256_sigmoid_lr0p1_decay0p95_wd0p001_best.npz
565,hd256_relu_lr0p01_decay0p95_wd0p0001,256,relu,0.01,0.95,0.0001,50,0.8823333333333333,model/weights/hd256_relu_lr0p01_decay0p95_wd0p0001_best.npz
566,hd256_relu_lr0p01_decay0p95_wd1e-05,256,relu,0.01,0.95,1e-05,50,0.8823333333333333,model/weights/hd256_relu_lr0p01_decay0p95_wd1e-05_best.npz
567,hd512_sigmoid_lr0p2_decay0p9_wd0p001,512,sigmoid,0.2,0.9,0.001,50,0.8823333333333333,model/weights/hd512_sigmoid_lr0p2_decay0p9_wd0p001_best.npz
568,hd256_relu_lr0p01_decay0p95_wd0p0,256,relu,0.01,0.95,0.0,50,0.882,model/weights/hd256_relu_lr0p01_decay0p95_wd0p0_best.npz
569,hd512_sigmoid_lr0p1_decay0p95_wd0p001,512,sigmoid,0.1,0.95,0.001,50,0.882,model/weights/hd512_sigmoid_lr0p1_decay0p95_wd0p001_best.npz
570,hd256_relu_lr0p01_decay0p95_wd0p001,256,relu,0.01,0.95,0.001,50,0.8816666666666667,model/weights/hd256_relu_lr0p01_decay0p95_wd0p001_best.npz
571,hd512_relu_lr0p01_decay0p95_wd0p0001,512,relu,0.01,0.95,0.0001,50,0.8816666666666667,model/weights/hd512_relu_lr0p01_decay0p95_wd0p0001_best.npz
572,hd256_sigmoid_lr0p05_decay0p98_wd0p001,256,sigmoid,0.05,0.98,0.001,50,0.8815,model/weights/hd256_sigmoid_lr0p05_decay0p98_wd0p001_best.npz
573,hd512_relu_lr0p01_decay0p95_wd0p001,512,relu,0.01,0.95,0.001,50,0.8815,model/weights/hd512_relu_lr0p01_decay0p95_wd0p001_best.npz
574,hd512_relu_lr0p01_decay0p95_wd0p0,512,relu,0.01,0.95,0.0,50,0.8813333333333333,model/weights/hd512_relu_lr0p01_decay0p95_wd0p0_best.npz
575,hd512_relu_lr0p01_decay0p95_wd1e-05,512,relu,0.01,0.95,1e-05,50,0.8813333333333333,model/weights/hd512_relu_lr0p01_decay0p95_wd1e-05_best.npz
576,hd128_relu_lr0p01_decay0p95_wd0p0,128,relu,0.01,0.95,0.0,50,0.8806666666666667,model/weights/hd128_relu_lr0p01_decay0p95_wd0p0_best.npz
577,hd128_relu_lr0p01_decay0p95_wd1e-05,128,relu,0.01,0.95,1e-05,50,0.8806666666666667,model/weights/hd128_relu_lr0p01_decay0p95_wd1e-05_best.npz
578,hd128_sigmoid_lr0p05_decay0p98_wd0p001,128,sigmoid,0.05,0.98,0.001,50,0.8806666666666667,model/weights/hd128_sigmoid_lr0p05_decay0p98_wd0p001_best.npz
579,hd128_relu_lr0p01_decay0p95_wd0p0001,128,relu,0.01,0.95,0.0001,50,0.8805,model/weights/hd128_relu_lr0p01_decay0p95_wd0p0001_best.npz
580,hd512_tanh_lr0p01_decay0p95_wd0p0,512,tanh,0.01,0.95,0.0,50,0.8805,model/weights/hd512_tanh_lr0p01_decay0p95_wd0p0_best.npz
581,hd128_relu_lr0p01_decay0p95_wd0p001,128,relu,0.01,0.95,0.001,50,0.8803333333333333,model/weights/hd128_relu_lr0p01_decay0p95_wd0p001_best.npz
582,hd512_tanh_lr0p01_decay0p95_wd0p0001,512,tanh,0.01,0.95,0.0001,50,0.8803333333333333,model/weights/hd512_tanh_lr0p01_decay0p95_wd0p0001_best.npz
583,hd512_tanh_lr0p01_decay0p95_wd1e-05,512,tanh,0.01,0.95,1e-05,50,0.8803333333333333,model/weights/hd512_tanh_lr0p01_decay0p95_wd1e-05_best.npz
584,hd768_relu_lr0p01_decay0p9_wd0p001,768,relu,0.01,0.9,0.001,50,0.8803333333333333,model/weights/hd768_relu_lr0p01_decay0p9_wd0p001_best.npz
585,hd512_sigmoid_lr0p05_decay0p98_wd0p001,512,sigmoid,0.05,0.98,0.001,50,0.8801666666666667,model/weights/hd512_sigmoid_lr0p05_decay0p98_wd0p001_best.npz
586,hd768_relu_lr0p01_decay0p9_wd0p0001,768,relu,0.01,0.9,0.0001,50,0.8801666666666667,model/weights/hd768_relu_lr0p01_decay0p9_wd0p0001_best.npz
587,hd768_relu_lr0p01_decay0p9_wd0p0,768,relu,0.01,0.9,0.0,50,0.8801666666666667,model/weights/hd768_relu_lr0p01_decay0p9_wd0p0_best.npz
588,hd768_relu_lr0p01_decay0p9_wd1e-05,768,relu,0.01,0.9,1e-05,50,0.8801666666666667,model/weights/hd768_relu_lr0p01_decay0p9_wd1e-05_best.npz
589,hd512_sigmoid_lr0p1_decay0p9_wd0p0,512,sigmoid,0.1,0.9,0.0,50,0.8793333333333333,model/weights/hd512_sigmoid_lr0p1_decay0p9_wd0p0_best.npz
590,hd512_sigmoid_lr0p1_decay0p9_wd1e-05,512,sigmoid,0.1,0.9,1e-05,50,0.8793333333333333,model/weights/hd512_sigmoid_lr0p1_decay0p9_wd1e-05_best.npz
591,hd512_tanh_lr0p01_decay0p95_wd0p001,512,tanh,0.01,0.95,0.001,50,0.879,model/weights/hd512_tanh_lr0p01_decay0p95_wd0p001_best.npz
592,hd128_sigmoid_lr0p1_decay0p9_wd1e-05,128,sigmoid,0.1,0.9,1e-05,50,0.8786666666666667,model/weights/hd128_sigmoid_lr0p1_decay0p9_wd1e-05_best.npz
593,hd512_sigmoid_lr0p05_decay0p95_wd0p0,512,sigmoid,0.05,0.95,0.0,50,0.8786666666666667,model/weights/hd512_sigmoid_lr0p05_decay0p95_wd0p0_best.npz
594,hd128_sigmoid_lr0p1_decay0p9_wd0p0,128,sigmoid,0.1,0.9,0.0,50,0.8785,model/weights/hd128_sigmoid_lr0p1_decay0p9_wd0p0_best.npz
595,hd512_sigmoid_lr0p05_decay0p95_wd1e-05,512,sigmoid,0.05,0.95,1e-05,50,0.8785,model/weights/hd512_sigmoid_lr0p05_decay0p95_wd1e-05_best.npz
596,hd256_sigmoid_lr0p05_decay0p95_wd1e-05,256,sigmoid,0.05,0.95,1e-05,50,0.8783333333333333,model/weights/hd256_sigmoid_lr0p05_decay0p95_wd1e-05_best.npz
597,hd256_sigmoid_lr0p1_decay0p9_wd0p0001,256,sigmoid,0.1,0.9,0.0001,50,0.8783333333333333,model/weights/hd256_sigmoid_lr0p1_decay0p9_wd0p0001_best.npz
598,hd256_sigmoid_lr0p1_decay0p9_wd0p0,256,sigmoid,0.1,0.9,0.0,50,0.8783333333333333,model/weights/hd256_sigmoid_lr0p1_decay0p9_wd0p0_best.npz
599,hd256_sigmoid_lr0p1_decay0p9_wd1e-05,256,sigmoid,0.1,0.9,1e-05,50,0.8783333333333333,model/weights/hd256_sigmoid_lr0p1_decay0p9_wd1e-05_best.npz
600,hd512_sigmoid_lr0p1_decay0p9_wd0p0001,512,sigmoid,0.1,0.9,0.0001,50,0.8783333333333333,model/weights/hd512_sigmoid_lr0p1_decay0p9_wd0p0001_best.npz
601,hd256_sigmoid_lr0p05_decay0p95_wd0p0,256,sigmoid,0.05,0.95,0.0,50,0.8781666666666667,model/weights/hd256_sigmoid_lr0p05_decay0p95_wd0p0_best.npz
602,hd768_tanh_lr0p01_decay0p95_wd0p0,768,tanh,0.01,0.95,0.0,50,0.8781666666666667,model/weights/hd768_tanh_lr0p01_decay0p95_wd0p0_best.npz
603,hd768_tanh_lr0p01_decay0p95_wd1e-05,768,tanh,0.01,0.95,1e-05,50,0.8781666666666667,model/weights/hd768_tanh_lr0p01_decay0p95_wd1e-05_best.npz
604,hd128_sigmoid_lr0p1_decay0p9_wd0p0001,128,sigmoid,0.1,0.9,0.0001,50,0.8778333333333334,model/weights/hd128_sigmoid_lr0p1_decay0p9_wd0p0001_best.npz
605,hd256_sigmoid_lr0p05_decay0p95_wd0p0001,256,sigmoid,0.05,0.95,0.0001,50,0.8778333333333334,model/weights/hd256_sigmoid_lr0p05_decay0p95_wd0p0001_best.npz
606,hd512_sigmoid_lr0p05_decay0p95_wd0p0001,512,sigmoid,0.05,0.95,0.0001,50,0.8778333333333334,model/weights/hd512_sigmoid_lr0p05_decay0p95_wd0p0001_best.npz
607,hd256_sigmoid,256,sigmoid,0.1,0.95,0.0001,15,0.8776666666666667,model/weights/hd256_sigmoid_best.npz
608,hd768_tanh_lr0p01_decay0p95_wd0p0001,768,tanh,0.01,0.95,0.0001,50,0.8776666666666667,model/weights/hd768_tanh_lr0p01_decay0p95_wd0p0001_best.npz
609,hd128_sigmoid_lr0p05_decay0p95_wd0p0,128,sigmoid,0.05,0.95,0.0,50,0.8765,model/weights/hd128_sigmoid_lr0p05_decay0p95_wd0p0_best.npz
610,hd128_sigmoid_lr0p05_decay0p95_wd1e-05,128,sigmoid,0.05,0.95,1e-05,50,0.8765,model/weights/hd128_sigmoid_lr0p05_decay0p95_wd1e-05_best.npz
611,hd768_tanh_lr0p01_decay0p95_wd0p001,768,tanh,0.01,0.95,0.001,50,0.8761666666666666,model/weights/hd768_tanh_lr0p01_decay0p95_wd0p001_best.npz
612,hd128_sigmoid_lr0p05_decay0p95_wd0p0001,128,sigmoid,0.05,0.95,0.0001,50,0.876,model/weights/hd128_sigmoid_lr0p05_decay0p95_wd0p0001_best.npz
613,hd128_tanh_lr0p01_decay0p95_wd0p0001,128,tanh,0.01,0.95,0.0001,50,0.8748333333333334,model/weights/hd128_tanh_lr0p01_decay0p95_wd0p0001_best.npz
614,hd128_tanh_lr0p01_decay0p95_wd0p0,128,tanh,0.01,0.95,0.0,50,0.8748333333333334,model/weights/hd128_tanh_lr0p01_decay0p95_wd0p0_best.npz
615,hd128_tanh_lr0p01_decay0p95_wd1e-05,128,tanh,0.01,0.95,1e-05,50,0.8748333333333334,model/weights/hd128_tanh_lr0p01_decay0p95_wd1e-05_best.npz
616,hd128_tanh_lr0p01_decay0p95_wd0p001,128,tanh,0.01,0.95,0.001,50,0.8741666666666666,model/weights/hd128_tanh_lr0p01_decay0p95_wd0p001_best.npz
617,hd256_tanh_lr0p01_decay0p95_wd0p0001,256,tanh,0.01,0.95,0.0001,50,0.8741666666666666,model/weights/hd256_tanh_lr0p01_decay0p95_wd0p0001_best.npz
618,hd256_tanh_lr0p01_decay0p95_wd0p0,256,tanh,0.01,0.95,0.0,50,0.8741666666666666,model/weights/hd256_tanh_lr0p01_decay0p95_wd0p0_best.npz
619,hd256_tanh_lr0p01_decay0p95_wd1e-05,256,tanh,0.01,0.95,1e-05,50,0.8741666666666666,model/weights/hd256_tanh_lr0p01_decay0p95_wd1e-05_best.npz
620,hd512_relu_lr0p01_decay0p9_wd0p0001,512,relu,0.01,0.9,0.0001,50,0.8735,model/weights/hd512_relu_lr0p01_decay0p9_wd0p0001_best.npz
621,hd256_tanh_lr0p01_decay0p95_wd0p001,256,tanh,0.01,0.95,0.001,50,0.8733333333333333,model/weights/hd256_tanh_lr0p01_decay0p95_wd0p001_best.npz
622,hd512_relu_lr0p01_decay0p9_wd0p001,512,relu,0.01,0.9,0.001,50,0.8733333333333333,model/weights/hd512_relu_lr0p01_decay0p9_wd0p001_best.npz
623,hd512_relu_lr0p01_decay0p9_wd0p0,512,relu,0.01,0.9,0.0,50,0.8733333333333333,model/weights/hd512_relu_lr0p01_decay0p9_wd0p0_best.npz
624,hd512_relu_lr0p01_decay0p9_wd1e-05,512,relu,0.01,0.9,1e-05,50,0.8733333333333333,model/weights/hd512_relu_lr0p01_decay0p9_wd1e-05_best.npz
625,hd256_sigmoid_lr0p1_decay0p9_wd0p001,256,sigmoid,0.1,0.9,0.001,50,0.8718333333333333,model/weights/hd256_sigmoid_lr0p1_decay0p9_wd0p001_best.npz
626,hd256_sigmoid_lr0p05_decay0p95_wd0p001,256,sigmoid,0.05,0.95,0.001,50,0.8715,model/weights/hd256_sigmoid_lr0p05_decay0p95_wd0p001_best.npz
627,hd128_sigmoid_lr0p1_decay0p9_wd0p001,128,sigmoid,0.1,0.9,0.001,50,0.8711666666666666,model/weights/hd128_sigmoid_lr0p1_decay0p9_wd0p001_best.npz
628,hd512_sigmoid_lr0p1_decay0p9_wd0p001,512,sigmoid,0.1,0.9,0.001,50,0.8708333333333333,model/weights/hd512_sigmoid_lr0p1_decay0p9_wd0p001_best.npz
629,hd256_relu_lr0p01_decay0p9_wd1e-05,256,relu,0.01,0.9,1e-05,50,0.8703333333333333,model/weights/hd256_relu_lr0p01_decay0p9_wd1e-05_best.npz
630,hd256_relu_lr0p01_decay0p9_wd0p0001,256,relu,0.01,0.9,0.0001,50,0.8701666666666666,model/weights/hd256_relu_lr0p01_decay0p9_wd0p0001_best.npz
631,hd256_relu_lr0p01_decay0p9_wd0p001,256,relu,0.01,0.9,0.001,50,0.8701666666666666,model/weights/hd256_relu_lr0p01_decay0p9_wd0p001_best.npz
632,hd256_relu_lr0p01_decay0p9_wd0p0,256,relu,0.01,0.9,0.0,50,0.8701666666666666,model/weights/hd256_relu_lr0p01_decay0p9_wd0p0_best.npz
633,hd512_sigmoid_lr0p05_decay0p95_wd0p001,512,sigmoid,0.05,0.95,0.001,50,0.8701666666666666,model/weights/hd512_sigmoid_lr0p05_decay0p95_wd0p001_best.npz
634,hd128_sigmoid_lr0p05_decay0p95_wd0p001,128,sigmoid,0.05,0.95,0.001,50,0.8693333333333333,model/weights/hd128_sigmoid_lr0p05_decay0p95_wd0p001_best.npz
635,hd128_relu_lr0p01_decay0p9_wd0p001,128,relu,0.01,0.9,0.001,50,0.8686666666666667,model/weights/hd128_relu_lr0p01_decay0p9_wd0p001_best.npz
636,hd128_relu_lr0p01_decay0p9_wd0p0,128,relu,0.01,0.9,0.0,50,0.8685,model/weights/hd128_relu_lr0p01_decay0p9_wd0p0_best.npz
637,hd128_relu_lr0p01_decay0p9_wd1e-05,128,relu,0.01,0.9,1e-05,50,0.8685,model/weights/hd128_relu_lr0p01_decay0p9_wd1e-05_best.npz
638,hd128_relu_lr0p01_decay0p9_wd0p0001,128,relu,0.01,0.9,0.0001,50,0.8683333333333333,model/weights/hd128_relu_lr0p01_decay0p9_wd0p0001_best.npz
639,hd768_tanh_lr0p01_decay0p9_wd0p0001,768,tanh,0.01,0.9,0.0001,50,0.8656666666666667,model/weights/hd768_tanh_lr0p01_decay0p9_wd0p0001_best.npz
640,hd768_tanh_lr0p01_decay0p9_wd0p001,768,tanh,0.01,0.9,0.001,50,0.8656666666666667,model/weights/hd768_tanh_lr0p01_decay0p9_wd0p001_best.npz
641,hd768_tanh_lr0p01_decay0p9_wd0p0,768,tanh,0.01,0.9,0.0,50,0.8653333333333333,model/weights/hd768_tanh_lr0p01_decay0p9_wd0p0_best.npz
642,hd768_tanh_lr0p01_decay0p9_wd1e-05,768,tanh,0.01,0.9,1e-05,50,0.8653333333333333,model/weights/hd768_tanh_lr0p01_decay0p9_wd1e-05_best.npz
643,hd512_tanh_lr0p01_decay0p9_wd0p0001,512,tanh,0.01,0.9,0.0001,50,0.8651666666666666,model/weights/hd512_tanh_lr0p01_decay0p9_wd0p0001_best.npz
644,hd512_tanh_lr0p01_decay0p9_wd0p0,512,tanh,0.01,0.9,0.0,50,0.8651666666666666,model/weights/hd512_tanh_lr0p01_decay0p9_wd0p0_best.npz
645,hd512_tanh_lr0p01_decay0p9_wd1e-05,512,tanh,0.01,0.9,1e-05,50,0.8651666666666666,model/weights/hd512_tanh_lr0p01_decay0p9_wd1e-05_best.npz
646,hd256_sigmoid_lr0p01_decay1p0_wd0p0,256,sigmoid,0.01,1.0,0.0,50,0.865,model/weights/hd256_sigmoid_lr0p01_decay1p0_wd0p0_best.npz
647,hd256_sigmoid_lr0p01_decay1p0_wd1e-05,256,sigmoid,0.01,1.0,1e-05,50,0.865,model/weights/hd256_sigmoid_lr0p01_decay1p0_wd1e-05_best.npz
648,hd512_sigmoid_lr0p05_decay0p9_wd0p0,512,sigmoid,0.05,0.9,0.0,50,0.865,model/weights/hd512_sigmoid_lr0p05_decay0p9_wd0p0_best.npz
649,hd512_sigmoid_lr0p05_decay0p9_wd1e-05,512,sigmoid,0.05,0.9,1e-05,50,0.865,model/weights/hd512_sigmoid_lr0p05_decay0p9_wd1e-05_best.npz
650,hd512_sigmoid_lr0p05_decay0p9_wd0p0001,512,sigmoid,0.05,0.9,0.0001,50,0.8648333333333333,model/weights/hd512_sigmoid_lr0p05_decay0p9_wd0p0001_best.npz
651,hd512_tanh_lr0p01_decay0p9_wd0p001,512,tanh,0.01,0.9,0.001,50,0.8648333333333333,model/weights/hd512_tanh_lr0p01_decay0p9_wd0p001_best.npz
652,hd256_sigmoid_lr0p01_decay1p0_wd0p0001,256,sigmoid,0.01,1.0,0.0001,50,0.8645,model/weights/hd256_sigmoid_lr0p01_decay1p0_wd0p0001_best.npz
653,hd256_tanh_lr0p01_decay0p9_wd0p0001,256,tanh,0.01,0.9,0.0001,50,0.8636666666666667,model/weights/hd256_tanh_lr0p01_decay0p9_wd0p0001_best.npz
654,hd256_tanh_lr0p01_decay0p9_wd0p001,256,tanh,0.01,0.9,0.001,50,0.8636666666666667,model/weights/hd256_tanh_lr0p01_decay0p9_wd0p001_best.npz
655,hd256_tanh_lr0p01_decay0p9_wd0p0,256,tanh,0.01,0.9,0.0,50,0.8636666666666667,model/weights/hd256_tanh_lr0p01_decay0p9_wd0p0_best.npz
656,hd256_tanh_lr0p01_decay0p9_wd1e-05,256,tanh,0.01,0.9,1e-05,50,0.8636666666666667,model/weights/hd256_tanh_lr0p01_decay0p9_wd1e-05_best.npz
657,hd512_sigmoid_lr0p01_decay1p0_wd0p0001,512,sigmoid,0.01,1.0,0.0001,50,0.8636666666666667,model/weights/hd512_sigmoid_lr0p01_decay1p0_wd0p0001_best.npz
658,hd512_sigmoid_lr0p01_decay1p0_wd0p0,512,sigmoid,0.01,1.0,0.0,50,0.8636666666666667,model/weights/hd512_sigmoid_lr0p01_decay1p0_wd0p0_best.npz
659,hd512_sigmoid_lr0p01_decay1p0_wd1e-05,512,sigmoid,0.01,1.0,1e-05,50,0.8636666666666667,model/weights/hd512_sigmoid_lr0p01_decay1p0_wd1e-05_best.npz
660,hd256_sigmoid_lr0p05_decay0p9_wd0p0,256,sigmoid,0.05,0.9,0.0,50,0.8633333333333333,model/weights/hd256_sigmoid_lr0p05_decay0p9_wd0p0_best.npz
661,hd256_sigmoid_lr0p05_decay0p9_wd1e-05,256,sigmoid,0.05,0.9,1e-05,50,0.8633333333333333,model/weights/hd256_sigmoid_lr0p05_decay0p9_wd1e-05_best.npz
662,hd256_sigmoid_lr0p05_decay0p9_wd0p0001,256,sigmoid,0.05,0.9,0.0001,50,0.8631666666666666,model/weights/hd256_sigmoid_lr0p05_decay0p9_wd0p0001_best.npz
663,hd128_sigmoid_lr0p01_decay1p0_wd0p0,128,sigmoid,0.01,1.0,0.0,50,0.863,model/weights/hd128_sigmoid_lr0p01_decay1p0_wd0p0_best.npz
664,hd128_sigmoid_lr0p01_decay1p0_wd1e-05,128,sigmoid,0.01,1.0,1e-05,50,0.863,model/weights/hd128_sigmoid_lr0p01_decay1p0_wd1e-05_best.npz
665,hd128_sigmoid_lr0p01_decay1p0_wd0p0001,128,sigmoid,0.01,1.0,0.0001,50,0.8625,model/weights/hd128_sigmoid_lr0p01_decay1p0_wd0p0001_best.npz
666,hd128_sigmoid_lr0p05_decay0p9_wd0p0,128,sigmoid,0.05,0.9,0.0,50,0.8618333333333333,model/weights/hd128_sigmoid_lr0p05_decay0p9_wd0p0_best.npz
667,hd128_sigmoid_lr0p05_decay0p9_wd1e-05,128,sigmoid,0.05,0.9,1e-05,50,0.8616666666666667,model/weights/hd128_sigmoid_lr0p05_decay0p9_wd1e-05_best.npz
668,hd128_tanh_lr0p01_decay0p9_wd0p0,128,tanh,0.01,0.9,0.0,50,0.8615,model/weights/hd128_tanh_lr0p01_decay0p9_wd0p0_best.npz
669,hd128_tanh_lr0p01_decay0p9_wd1e-05,128,tanh,0.01,0.9,1e-05,50,0.8615,model/weights/hd128_tanh_lr0p01_decay0p9_wd1e-05_best.npz
670,hd128_sigmoid_lr0p05_decay0p9_wd0p0001,128,sigmoid,0.05,0.9,0.0001,50,0.8613333333333333,model/weights/hd128_sigmoid_lr0p05_decay0p9_wd0p0001_best.npz
671,hd128_tanh_lr0p01_decay0p9_wd0p0001,128,tanh,0.01,0.9,0.0001,50,0.8613333333333333,model/weights/hd128_tanh_lr0p01_decay0p9_wd0p0001_best.npz
672,hd128_tanh_lr0p01_decay0p9_wd0p001,128,tanh,0.01,0.9,0.001,50,0.861,model/weights/hd128_tanh_lr0p01_decay0p9_wd0p001_best.npz
673,hd256_sigmoid_lr0p01_decay1p0_wd0p001,256,sigmoid,0.01,1.0,0.001,50,0.8601666666666666,model/weights/hd256_sigmoid_lr0p01_decay1p0_wd0p001_best.npz
674,hd512_sigmoid_lr0p01_decay1p0_wd0p001,512,sigmoid,0.01,1.0,0.001,50,0.86,model/weights/hd512_sigmoid_lr0p01_decay1p0_wd0p001_best.npz
675,hd256_sigmoid_lr0p05_decay0p9_wd0p001,256,sigmoid,0.05,0.9,0.001,50,0.8598333333333333,model/weights/hd256_sigmoid_lr0p05_decay0p9_wd0p001_best.npz
676,hd512_sigmoid_lr0p05_decay0p9_wd0p001,512,sigmoid,0.05,0.9,0.001,50,0.8596666666666667,model/weights/hd512_sigmoid_lr0p05_decay0p9_wd0p001_best.npz
677,hd128_sigmoid_lr0p01_decay1p0_wd0p001,128,sigmoid,0.01,1.0,0.001,50,0.8593333333333333,model/weights/hd128_sigmoid_lr0p01_decay1p0_wd0p001_best.npz
678,hd128_sigmoid_lr0p05_decay0p9_wd0p001,128,sigmoid,0.05,0.9,0.001,50,0.859,model/weights/hd128_sigmoid_lr0p05_decay0p9_wd0p001_best.npz
679,hd512_sigmoid_lr0p01_decay0p98_wd0p0,512,sigmoid,0.01,0.98,0.0,50,0.8555,model/weights/hd512_sigmoid_lr0p01_decay0p98_wd0p0_best.npz
680,hd512_sigmoid_lr0p01_decay0p98_wd1e-05,512,sigmoid,0.01,0.98,1e-05,50,0.8555,model/weights/hd512_sigmoid_lr0p01_decay0p98_wd1e-05_best.npz
681,hd512_sigmoid_lr0p01_decay0p98_wd0p0001,512,sigmoid,0.01,0.98,0.0001,50,0.8551666666666666,model/weights/hd512_sigmoid_lr0p01_decay0p98_wd0p0001_best.npz
682,hd256_sigmoid_lr0p01_decay0p98_wd0p0001,256,sigmoid,0.01,0.98,0.0001,50,0.8548333333333333,model/weights/hd256_sigmoid_lr0p01_decay0p98_wd0p0001_best.npz
683,hd256_sigmoid_lr0p01_decay0p98_wd0p0,256,sigmoid,0.01,0.98,0.0,50,0.8548333333333333,model/weights/hd256_sigmoid_lr0p01_decay0p98_wd0p0_best.npz
684,hd256_sigmoid_lr0p01_decay0p98_wd1e-05,256,sigmoid,0.01,0.98,1e-05,50,0.8548333333333333,model/weights/hd256_sigmoid_lr0p01_decay0p98_wd1e-05_best.npz
685,hd512_sigmoid_lr0p01_decay0p98_wd0p001,512,sigmoid,0.01,0.98,0.001,50,0.8535,model/weights/hd512_sigmoid_lr0p01_decay0p98_wd0p001_best.npz
686,hd256_sigmoid_lr0p01_decay0p98_wd0p001,256,sigmoid,0.01,0.98,0.001,50,0.8533333333333334,model/weights/hd256_sigmoid_lr0p01_decay0p98_wd0p001_best.npz
687,hd128_sigmoid_lr0p01_decay0p98_wd0p0001,128,sigmoid,0.01,0.98,0.0001,50,0.8521666666666666,model/weights/hd128_sigmoid_lr0p01_decay0p98_wd0p0001_best.npz
688,hd128_sigmoid_lr0p01_decay0p98_wd0p0,128,sigmoid,0.01,0.98,0.0,50,0.8521666666666666,model/weights/hd128_sigmoid_lr0p01_decay0p98_wd0p0_best.npz
689,hd128_sigmoid_lr0p01_decay0p98_wd1e-05,128,sigmoid,0.01,0.98,1e-05,50,0.852,model/weights/hd128_sigmoid_lr0p01_decay0p98_wd1e-05_best.npz
690,hd128_sigmoid_lr0p01_decay0p98_wd0p001,128,sigmoid,0.01,0.98,0.001,50,0.8501666666666666,model/weights/hd128_sigmoid_lr0p01_decay0p98_wd0p001_best.npz
691,hd512_sigmoid_lr0p01_decay0p95_wd0p0,512,sigmoid,0.01,0.95,0.0,50,0.8468333333333333,model/weights/hd512_sigmoid_lr0p01_decay0p95_wd0p0_best.npz
692,hd512_sigmoid_lr0p01_decay0p95_wd1e-05,512,sigmoid,0.01,0.95,1e-05,50,0.8468333333333333,model/weights/hd512_sigmoid_lr0p01_decay0p95_wd1e-05_best.npz
693,hd512_sigmoid_lr0p01_decay0p95_wd0p0001,512,sigmoid,0.01,0.95,0.0001,50,0.8465,model/weights/hd512_sigmoid_lr0p01_decay0p95_wd0p0001_best.npz
694,hd512_sigmoid_lr0p01_decay0p95_wd0p001,512,sigmoid,0.01,0.95,0.001,50,0.8456666666666667,model/weights/hd512_sigmoid_lr0p01_decay0p95_wd0p001_best.npz
695,hd256_sigmoid_lr0p01_decay0p95_wd0p0001,256,sigmoid,0.01,0.95,0.0001,50,0.8426666666666667,model/weights/hd256_sigmoid_lr0p01_decay0p95_wd0p0001_best.npz
696,hd256_sigmoid_lr0p01_decay0p95_wd1e-05,256,sigmoid,0.01,0.95,1e-05,50,0.8426666666666667,model/weights/hd256_sigmoid_lr0p01_decay0p95_wd1e-05_best.npz
697,hd256_sigmoid_lr0p01_decay0p95_wd0p0,256,sigmoid,0.01,0.95,0.0,50,0.8425,model/weights/hd256_sigmoid_lr0p01_decay0p95_wd0p0_best.npz
698,hd128_sigmoid_lr0p01_decay0p95_wd0p0001,128,sigmoid,0.01,0.95,0.0001,50,0.8415,model/weights/hd128_sigmoid_lr0p01_decay0p95_wd0p0001_best.npz
699,hd128_sigmoid_lr0p01_decay0p95_wd0p0,128,sigmoid,0.01,0.95,0.0,50,0.8415,model/weights/hd128_sigmoid_lr0p01_decay0p95_wd0p0_best.npz
700,hd128_sigmoid_lr0p01_decay0p95_wd1e-05,128,sigmoid,0.01,0.95,1e-05,50,0.8415,model/weights/hd128_sigmoid_lr0p01_decay0p95_wd1e-05_best.npz
701,hd128_sigmoid_lr0p01_decay0p95_wd0p001,128,sigmoid,0.01,0.95,0.001,50,0.841,model/weights/hd128_sigmoid_lr0p01_decay0p95_wd0p001_best.npz
702,hd256_sigmoid_lr0p01_decay0p95_wd0p001,256,sigmoid,0.01,0.95,0.001,50,0.841,model/weights/hd256_sigmoid_lr0p01_decay0p95_wd0p001_best.npz
703,hd512_sigmoid_lr0p01_decay0p9_wd0p0001,512,sigmoid,0.01,0.9,0.0001,50,0.833,model/weights/hd512_sigmoid_lr0p01_decay0p9_wd0p0001_best.npz
704,hd512_sigmoid_lr0p01_decay0p9_wd0p0,512,sigmoid,0.01,0.9,0.0,50,0.833,model/weights/hd512_sigmoid_lr0p01_decay0p9_wd0p0_best.npz
705,hd512_sigmoid_lr0p01_decay0p9_wd1e-05,512,sigmoid,0.01,0.9,1e-05,50,0.833,model/weights/hd512_sigmoid_lr0p01_decay0p9_wd1e-05_best.npz
706,hd512_sigmoid_lr0p01_decay0p9_wd0p001,512,sigmoid,0.01,0.9,0.001,50,0.832,model/weights/hd512_sigmoid_lr0p01_decay0p9_wd0p001_best.npz
707,hd256_sigmoid_lr0p01_decay0p9_wd0p0,256,sigmoid,0.01,0.9,0.0,50,0.8281666666666667,model/weights/hd256_sigmoid_lr0p01_decay0p9_wd0p0_best.npz
708,hd256_sigmoid_lr0p01_decay0p9_wd1e-05,256,sigmoid,0.01,0.9,1e-05,50,0.828,model/weights/hd256_sigmoid_lr0p01_decay0p9_wd1e-05_best.npz
709,hd256_sigmoid_lr0p01_decay0p9_wd0p0001,256,sigmoid,0.01,0.9,0.0001,50,0.8276666666666667,model/weights/hd256_sigmoid_lr0p01_decay0p9_wd0p0001_best.npz
710,hd256_sigmoid_lr0p01_decay0p9_wd0p001,256,sigmoid,0.01,0.9,0.001,50,0.827,model/weights/hd256_sigmoid_lr0p01_decay0p9_wd0p001_best.npz
711,hd128_sigmoid_lr0p01_decay0p9_wd0p0,128,sigmoid,0.01,0.9,0.0,50,0.8256666666666667,model/weights/hd128_sigmoid_lr0p01_decay0p9_wd0p0_best.npz
712,hd128_sigmoid_lr0p01_decay0p9_wd1e-05,128,sigmoid,0.01,0.9,1e-05,50,0.8256666666666667,model/weights/hd128_sigmoid_lr0p01_decay0p9_wd1e-05_best.npz
713,hd128_sigmoid_lr0p01_decay0p9_wd0p0001,128,sigmoid,0.01,0.9,0.0001,50,0.8255,model/weights/hd128_sigmoid_lr0p01_decay0p9_wd0p0001_best.npz
714,hd128_sigmoid_lr0p01_decay0p9_wd0p001,128,sigmoid,0.01,0.9,0.001,50,0.8238333333333333,model/weights/hd128_sigmoid_lr0p01_decay0p9_wd0p001_best.npz
